Workbook

Sheet Invertir respuestas
A1: Cambio de postura sin razones claras. | B1: Casi siempre cambio de opinión por presión. | C1: A veces me pasa. | D1: No cambio sin fundamento. | E1: No cambio mi postura sin razones claras.
A2: {=6-CELL("columna",A1)} -> 5 | B2: {=6-CELL("columna",B1)} -> 4 | C2: {=6-CELL("columna",C1)} -> 3 | D2: {=6-CELL("columna",D1)} -> 2 | E2: {=6-CELL("columna",E1)} -> 1
A3: {=INDEX($A$1:$E$1,1,A2)} -> No cambio mi postura sin razones claras. | B3: {=INDEX($A$1:$E$1,1,B2)} -> No cambio sin fundamento. | C3: {=INDEX($A$1:$E$1,1,C2)} -> A veces me pasa. | D3: {=INDEX($A$1:$E$1,1,D2)} -> Casi siempre cambio de opinión por presión. | E3: {=INDEX($A$1:$E$1,1,E2)} -> Cambio de postura sin razones claras.
A7: 3 | B7: 45
A8: 4 | B8: 60
A9: 5 | B9: 75
A10: 6 | B10: 90
A11: 7 | B11: 105
A12: 8 | B12: 120
A13: 9 | B13: 135
A14: 10 | B14: 150

Sheet 150 Preguntas
A1: Item | B1: Pregunta_I | C1: Nivel | D1: CriterioN | E1: P_Invertida | F1: Conciencia | G1: CriterioC | H1: Impacto | I1: Pregunta | J1: R1 | K1: R2 | L1: R3 | M1: R4 | N1: R5 | O1: Tipo de Respuesta | P1: T1 | Q1: T2 | R1: T3 | S1: T4 | T1: T5 | U1: Explicación | V1: Diccionarios | W1: Sorteo | X1: Ranking
A2: 1 | B2: Analizo diferentes perspectivas antes de tomar una decisión | C2: N1 | D2: Fundamento interno que sostiene la conducta social. | E2: false | F2: Cognitiva | G2: Comprensión de problemas sociales. | H2: Medio | I2: ¿Realizas un análisis consciente de las diversas perspectivas de un problema social antes de definir tu conducta frente a los demás? | J2: Actúo por impulso o inercia social. | K2: Reflexiono solo si el tema me afecta. | L2: Evalúo posturas de forma superficial. | M2: Investigo y contrasto opiniones habitualmente. | N2: Mi conducta se basa en un análisis profundo. | O2: Hábito | P2: Nunca | Q2: Casi nunca | R2: A veces | S2: Casi siempre | T2: Siempre | U2: Esta reformulación traslada el análisis de perspectivas a un contexto social y cotidiano, evaluando el hábito de considerar opiniones externas antes de actuar. Esto permite medir apertura cognitiva y disposición a tomar decisiones más conscientes dentro de un entorno colectivo. | V2: ="{"&_xlfn.TEXTJOIN(",",TRUE, """"&_xlfn.TEXTJOIN(""":",TRUE,A$1,A2), """"&_xlfn.TEXTJOIN(""":""",TRUE,B$1,B2)&"""", """"&_xlfn.TEXTJOIN(""":""",TRUE,C$1,C2)&"""", """"&_xlfn.TEXTJOIN(""":""",TRUE,D$1,D2)&"""", """"&_xlfn.TEXTJOIN(""":",TRUE,E$1,E2), """"&_xlfn.TEXTJOIN(""":""",TRUE,F$1,F2)&"""", """"&_xlfn.TEXTJOIN(""":""",TRUE,G$1,G2)&"""", """"&_xlfn.TEXTJOIN(""":""",TRUE,H$1,H2)&"""", """"&_xlfn.TEXTJOIN(""":""",TRUE,I$1,I2)&"""", """"&_xlfn.TEXTJOIN(""":""",TRUE,J$1,J2)&"""", """"&_xlfn.TEXTJOIN(""":""",TRUE,K$1,K2)&"""", """"&_xlfn.TEXTJOIN(""":""",TRUE,L$1,L2)&"""", """"&_xlfn.TEXTJOIN(""":""",TRUE,M$1,M2)&"""", """"&_xlfn.TEXTJOIN(""":""",TRUE,N$1,N2)&"""", """"&_xlfn.TEXTJOIN(""":""",TRUE,O$1,O2)&"""", """"&_xlfn.TEXTJOIN(""":""",TRUE,P$1,P2)&"""", """"&_xlfn.TEXTJOIN(""":""",TRUE,Q$1,Q2)&"""", """"&_xlfn.TEXTJOIN(""":""",TRUE,R$1,R2)&"""", """"&_xlfn.TEXTJOIN(""":""",TRUE,S$1,S2)&"""", """"&_xlfn.TEXTJOIN(""":""",TRUE,T$1,T2)&"""", """"&_xlfn.TEXTJOIN(""":""",TRUE,U$1,U2)&"""" )&"}," -> {"Item":1,"Pregunta_I":" Analizo diferentes perspectivas antes de tomar una decisión","Nivel":"N1","CriterioN":"Fundamento interno que sostiene la conducta social.","P_Invertida":false,"Conciencia":"Cognitiva","CriterioC":"Comprensión de problemas sociales.","Impacto":"Medio","Pregunta":"¿Realizas un análisis consciente de las diversas perspectivas de un problema social antes de definir tu conducta frente a los demás?","R1":"Actúo por impulso o inercia social.","R2":"Reflexiono solo si el tema me afecta.","R3":"Evalúo posturas de forma superficial.","R4":"Investigo y contrasto opiniones habitualmente.","R5":"Mi conducta se basa en un análisis profundo.","Tipo de Respuesta":"Hábito","T1":"Nunca","T2":"Casi nunca","T3":"A veces","T4":"Casi siempre","T5":"Siempre","Explicación":"Esta reformulación traslada el análisis de perspectivas a un contexto social y cotidiano, evaluando el hábito de considerar opiniones externas antes de actuar. Esto permite medir apertura cognitiva y disposición a tomar decisiones más conscientes dentro de un entorno colectivo."}, | W2: =RAND() -> 0.66940806 | X2: =COUNTIFS($F$2:$F$200, F2, $W$2:$W$200, "<=" & W2) -> 7
A3: 2 | B3: Cuestiono la información antes de aceptarla como verdadera | C3: N1 | D3: Fundamento interno que sostiene la conducta social. | E3: false | F3: Cognitiva | G3: Comprensión de problemas sociales. | H3: Medio | I3: ¿Cuestionas y verificas la veracidad de la información sobre problemas sociales antes de aceptarla como una verdad que guíe tu opinión o conducta? | J3: Acepto la información de forma automática. | K3: Solo dudo si la fuente me parece sospechosa. | L3: Comparo datos de vez en cuando antes de decidir. | M3: Suelo verificar la información en distintas fuentes. | N3: Evalúo críticamente toda información antes de creerla. | O3: Hábito | P3: Nunca | Q3: Casi nunca | R3: A veces | S3: Casi siempre | T3: Siempre | U3: La pregunta mide el hábito de pensamiento crítico aplicado al entorno social, especialmente frente a información compartida por otros. Evaluar este comportamiento es relevante porque influye en la forma en que el individuo procesa rumores, noticias o creencias sociales antes de reproducirlas. | V3: ="{"&_xlfn.TEXTJOIN(",",TRUE, """"&_xlfn.TEXTJOIN(""":",TRUE,A$1,A3), """"&_xlfn.TEXTJOIN(""":""",TRUE,B$1,B3)&"""", """"&_xlfn.TEXTJOIN(""":""",TRUE,C$1,C3)&"""", """"&_xlfn.TEXTJOIN(""":""",TRUE,D$1,D3)&"""", """"&_xlfn.TEXTJOIN(""":",TRUE,E$1,E3), """"&_xlfn.TEXTJOIN(""":""",TRUE,F$1,F3)&"""", """"&_xlfn.TEXTJOIN(""":""",TRUE,G$1,G3)&"""", """"&_xlfn.TEXTJOIN(""":""",TRUE,H$1,H3)&"""", """"&_xlfn.TEXTJOIN(""":""",TRUE,I$1,I3)&"""", """"&_xlfn.TEXTJOIN(""":""",TRUE,J$1,J3)&"""", """"&_xlfn.TEXTJOIN(""":""",TRUE,K$1,K3)&"""", """"&_xlfn.TEXTJOIN(""":""",TRUE,L$1,L3)&"""", """"&_xlfn.TEXTJOIN(""":""",TRUE,M$1,M3)&"""", """"&_xlfn.TEXTJOIN(""":""",TRUE,N$1,N3)&"""", """"&_xlfn.TEXTJOIN(""":""",TRUE,O$1,O3)&"""", """"&_xlfn.TEXTJOIN(""":""",TRUE,P$1,P3)&"""", """"&_xlfn.TEXTJOIN(""":""",TRUE,Q$1,Q3)&"""", """"&_xlfn.TEXTJOIN(""":""",TRUE,R$1,R3)&"""", """"&_xlfn.TEXTJOIN(""":""",TRUE,S$1,S3)&"""", """"&_xlfn.TEXTJOIN(""":""",TRUE,T$1,T3)&"""", """"&_xlfn.TEXTJOIN(""":""",TRUE,U$1,U3)&"""" )&"}," -> {"Item":2,"Pregunta_I":" Cuestiono la información antes de aceptarla como verdadera","Nivel":"N1","CriterioN":"Fundamento interno que sostiene la conducta social.","P_Invertida":false,"Conciencia":"Cognitiva","CriterioC":"Comprensión de problemas sociales.","Impacto":"Medio","Pregunta":"¿Cuestionas y verificas la veracidad de la información sobre problemas sociales antes de aceptarla como una verdad que guíe tu opinión o conducta?","R1":"Acepto la información de forma automática.","R2":"Solo dudo si la fuente me parece sospechosa.","R3":"Comparo datos de vez en cuando antes de decidir.","R4":"Suelo verificar la información en distintas fuentes.","R5":"Evalúo críticamente toda información antes de creerla.","Tipo de Respuesta":"Hábito","T1":"Nunca","T2":"Casi nunca","T3":"A veces","T4":"Casi siempre","T5":"Siempre","Explicación":"La pregunta mide el hábito de pensamiento crítico aplicado al entorno social, especialmente frente a información compartida por otros. Evaluar este comportamiento es relevante porque influye en la forma en que el individuo procesa rumores, noticias o creencias sociales antes de reproducirlas."}, | W3: =RAND() -> 0.3710463 | X3: =COUNTIFS($F$2:$F$200, F3, $W$2:$W$200, "<=" & W3) -> 4
A4: 3 | B4: Reflexiono sobre mis propios pensamientos | C4: N1 | D4: Fundamento interno que sostiene la conducta social. | E4: false | F4: Cognitiva | G4: Comprensión de problemas sociales. | H4: Medio | I4: ¿Monitoreas y reflexionas sobre tus propios pensamientos y prejuicios para asegurarte de que tu conducta hacia los demás sea justa y coherente? | J4: Actúo sin cuestionar el origen de mis pensamientos. | K4: Solo reflexiono si alguien señala un error en mi trato. | L4: Intento identificar mis sesgos de manera ocasional. | M4: Suelo revisar mis intenciones antes de actuar. | N4: Evalúo constantemente mis pensamientos para guiar mi conducta. | O4: Conducta | P4: Nunca | Q4: Casi nunca | R4: A veces | S4: Casi siempre | T4: Siempre | U4: Esta formulación sitúa la reflexión interna dentro de un conflicto interpersonal, permitiendo medir la capacidad de autocontrol cognitivo antes de responder socialmente. Se evalúa qué tan fácil es para el individuo detenerse, analizar y responder con conciencia en interacción con otros. | V4: ="{"&_xlfn.TEXTJOIN(",",TRUE, """"&_xlfn.TEXTJOIN(""":",TRUE,A$1,A4), """"&_xlfn.TEXTJOIN(""":""",TRUE,B$1,B4)&"""", """"&_xlfn.TEXTJOIN(""":""",TRUE,C$1,C4)&"""", """"&_xlfn.TEXTJOIN(""":""",TRUE,D$1,D4)&"""", """"&_xlfn.TEXTJOIN(""":",TRUE,E$1,E4), """"&_xlfn.TEXTJOIN(""":""",TRUE,F$1,F4)&"""", """"&_xlfn.TEXTJOIN(""":""",TRUE,G$1,G4)&"""", """"&_xlfn.TEXTJOIN(""":""",TRUE,H$1,H4)&"""", """"&_xlfn.TEXTJOIN(""":""",TRUE,I$1,I4)&"""", """"&_xlfn.TEXTJOIN(""":""",TRUE,J$1,J4)&"""", """"&_xlfn.TEXTJOIN(""":""",TRUE,K$1,K4)&"""", """"&_xlfn.TEXTJOIN(""":""",TRUE,L$1,L4)&"""", """"&_xlfn.TEXTJOIN(""":""",TRUE,M$1,M4)&"""", """"&_xlfn.TEXTJOIN(""":""",TRUE,N$1,N4)&"""", """"&_xlfn.TEXTJOIN(""":""",TRUE,O$1,O4)&"""", """"&_xlfn.TEXTJOIN(""":""",TRUE,P$1,P4)&"""", """"&_xlfn.TEXTJOIN(""":""",TRUE,Q$1,Q4)&"""", """"&_xlfn.TEXTJOIN(""":""",TRUE,R$1,R4)&"""", """"&_xlfn.TEXTJOIN(""":""",TRUE,S$1,S4)&"""", """"&_xlfn.TEXTJOIN(""":""",TRUE,T$1,T4)&"""", """"&_xlfn.TEXTJOIN(""":""",TRUE,U$1,U4)&"""" )&"}," -> {"Item":3,"Pregunta_I":" Reflexiono sobre mis propios pensamientos","Nivel":"N1","CriterioN":"Fundamento interno que sostiene la conducta social.","P_Invertida":false,"Conciencia":"Cognitiva","CriterioC":"Comprensión de problemas sociales.","Impacto":"Medio","Pregunta":"¿Monitoreas y reflexionas sobre tus propios pensamientos y prejuicios para asegurarte de que tu conducta hacia los demás sea justa y coherente?","R1":"Actúo sin cuestionar el origen de mis pensamientos.","R2":"Solo reflexiono si alguien señala un error en mi trato.","R3":"Intento identificar mis sesgos de manera ocasional.","R4":"Suelo revisar mis intenciones antes de actuar.","R5":"Evalúo constantemente mis pensamientos para guiar mi conducta.","Tipo de Respuesta":"Conducta","T1":"Nunca","T2":"Casi nunca","T3":"A veces","T4":"Casi siempre","T5":"Siempre","Explicación":"Esta formulación sitúa la reflexión interna dentro de un conflicto interpersonal, permitiendo medir la capacidad de autocontrol cognitivo antes de responder socialmente. Se evalúa qué tan fácil es para el individuo detenerse, analizar y responder con conciencia en interacción con otros."}, | W4: =RAND() -> 0.75404997 | X4: =COUNTIFS($F$2:$F$200, F4, $W$2:$W$200, "<=" & W4) -> 9
A5: 4 | B5: Identifico errores en mi razonamiento | C5: N1 | D5: Fundamento interno que sostiene la conducta social. | E5: false | F5: Cognitiva | G5: Comprensión de problemas sociales. | H5: Medio | I5: ¿Te resulta fácil detectar una falla o contradicción en tu propia forma de pensar cuando analizas un problema social complejo? | J5: No logro ver errores en mi lógica. | K5: Me cuesta mucho aceptar que mi razonamiento puede estar equivocado. | L5: A veces noto mis errores, pero solo después de que alguien me los señala. | M5: Suelo identificar mis propias contradicciones mientras estoy reflexionando. | N5: Detecto y corrijo mis fallos de razonamiento de manera natural y constante. | O5: Capacidad | P5: Muy difícil | Q5: Dificil | R5: Neutro | S5: Facil | T5: Muy fácil | U5: Esta formulación sitúa la reflexión interna dentro de un conflicto interpersonal, permitiendo medir la capacidad de autocontrol cognitivo antes de responder socialmente. Se evalúa qué tan fácil es para el individuo detenerse, analizar y responder con conciencia en interacción con otros. | V5: ="{"&_xlfn.TEXTJOIN(",",TRUE, """"&_xlfn.TEXTJOIN(""":",TRUE,A$1,A5), """"&_xlfn.TEXTJOIN(""":""",TRUE,B$1,B5)&"""", """"&_xlfn.TEXTJOIN(""":""",TRUE,C$1,C5)&"""", """"&_xlfn.TEXTJOIN(""":""",TRUE,D$1,D5)&"""", """"&_xlfn.TEXTJOIN(""":",TRUE,E$1,E5), """"&_xlfn.TEXTJOIN(""":""",TRUE,F$1,F5)&"""", """"&_xlfn.TEXTJOIN(""":""",TRUE,G$1,G5)&"""", """"&_xlfn.TEXTJOIN(""":""",TRUE,H$1,H5)&"""", """"&_xlfn.TEXTJOIN(""":""",TRUE,I$1,I5)&"""", """"&_xlfn.TEXTJOIN(""":""",TRUE,J$1,J5)&"""", """"&_xlfn.TEXTJOIN(""":""",TRUE,K$1,K5)&"""", """"&_xlfn.TEXTJOIN(""":""",TRUE,L$1,L5)&"""", """"&_xlfn.TEXTJOIN(""":""",TRUE,M$1,M5)&"""", """"&_xlfn.TEXTJOIN(""":""",TRUE,N$1,N5)&"""", """"&_xlfn.TEXTJOIN(""":""",TRUE,O$1,O5)&"""", """"&_xlfn.TEXTJOIN(""":""",TRUE,P$1,P5)&"""", """"&_xlfn.TEXTJOIN(""":""",TRUE,Q$1,Q5)&"""", """"&_xlfn.TEXTJOIN(""":""",TRUE,R$1,R5)&"""", """"&_xlfn.TEXTJOIN(""":""",TRUE,S$1,S5)&"""", """"&_xlfn.TEXTJOIN(""":""",TRUE,T$1,T5)&"""", """"&_xlfn.TEXTJOIN(""":""",TRUE,U$1,U5)&"""" )&"}," -> {"Item":4,"Pregunta_I":" Identifico errores en mi razonamiento","Nivel":"N1","CriterioN":"Fundamento interno que sostiene la conducta social.","P_Invertida":false,"Conciencia":"Cognitiva","CriterioC":"Comprensión de problemas sociales.","Impacto":"Medio","Pregunta":"¿Te resulta fácil detectar una falla o contradicción en tu propia forma de pensar cuando analizas un problema social complejo?","R1":"No logro ver errores en mi lógica.","R2":"Me cuesta mucho aceptar que mi razonamiento puede estar equivocado.","R3":"A veces noto mis errores, pero solo después de que alguien me los señala.","R4":"Suelo identificar mis propias contradicciones mientras estoy reflexionando.","R5":"Detecto y corrijo mis fallos de razonamiento de manera natural y constante.","Tipo de Respuesta":"Capacidad","T1":"Muy difícil","T2":"Dificil","T3":"Neutro","T4":"Facil","T5":"Muy fácil","Explicación":"Esta formulación sitúa la reflexión interna dentro de un conflicto interpersonal, permitiendo medir la capacidad de autocontrol cognitivo antes de responder socialmente. Se evalúa qué tan fácil es para el individuo detenerse, analizar y responder con conciencia en interacción con otros."}, | W5: =RAND() -> 0.13845234 | X5: =COUNTIFS($F$2:$F$200, F5, $W$2:$W$200, "<=" & W5) -> 3
A6: 5 | B6: Busco coherencia lógica en lo que pienso | C6: N1 | D6: Fundamento interno que sostiene la conducta social. | E6: false | F6: Cognitiva | G6: Comprensión de problemas sociales. | H6: Medio | I6: ¿Te resulta fácil asegurar que tus opiniones sobre problemas sociales tengan una base lógica y no se contradigan entre sí? | J6: No suelo revisar si mis ideas tienen lógica o se contradicen. | K6: Me cuesta conectar mis pensamientos de forma coherente. | L6: A veces detecto contradicciones, pero no siempre las corrijo. | M6: Normalmente logro que mis argumentos sociales sean lógicos. | N6: Mantengo una coherencia total en mis ideas de forma natural. | O6: Capacidad | P6: Muy difícil | Q6: Dificil | R6: Neutro | S6: Facil | T6: Muy fácil | U6: Esta reformulación mide la capacidad de mantener coherencia lógica al comunicarse con otros, lo cual impacta directamente en la claridad del pensamiento y la interacción social. Permite evaluar si el individuo organiza sus argumentos antes de expresarse dentro de un entorno colectivo. | V6: ="{"&_xlfn.TEXTJOIN(",",TRUE, """"&_xlfn.TEXTJOIN(""":",TRUE,A$1,A6), """"&_xlfn.TEXTJOIN(""":""",TRUE,B$1,B6)&"""", """"&_xlfn.TEXTJOIN(""":""",TRUE,C$1,C6)&"""", """"&_xlfn.TEXTJOIN(""":""",TRUE,D$1,D6)&"""", """"&_xlfn.TEXTJOIN(""":",TRUE,E$1,E6), """"&_xlfn.TEXTJOIN(""":""",TRUE,F$1,F6)&"""", """"&_xlfn.TEXTJOIN(""":""",TRUE,G$1,G6)&"""", """"&_xlfn.TEXTJOIN(""":""",TRUE,H$1,H6)&"""", """"&_xlfn.TEXTJOIN(""":""",TRUE,I$1,I6)&"""", """"&_xlfn.TEXTJOIN(""":""",TRUE,J$1,J6)&"""", """"&_xlfn.TEXTJOIN(""":""",TRUE,K$1,K6)&"""", """"&_xlfn.TEXTJOIN(""":""",TRUE,L$1,L6)&"""", """"&_xlfn.TEXTJOIN(""":""",TRUE,M$1,M6)&"""", """"&_xlfn.TEXTJOIN(""":""",TRUE,N$1,N6)&"""", """"&_xlfn.TEXTJOIN(""":""",TRUE,O$1,O6)&"""", """"&_xlfn.TEXTJOIN(""":""",TRUE,P$1,P6)&"""", """"&_xlfn.TEXTJOIN(""":""",TRUE,Q$1,Q6)&"""", """"&_xlfn.TEXTJOIN(""":""",TRUE,R$1,R6)&"""", """"&_xlfn.TEXTJOIN(""":""",TRUE,S$1,S6)&"""", """"&_xlfn.TEXTJOIN(""":""",TRUE,T$1,T6)&"""", """"&_xlfn.TEXTJOIN(""":""",TRUE,U$1,U6)&"""" )&"}," -> {"Item":5,"Pregunta_I":" Busco coherencia lógica en lo que pienso","Nivel":"N1","CriterioN":"Fundamento interno que sostiene la conducta social.","P_Invertida":false,"Conciencia":"Cognitiva","CriterioC":"Comprensión de problemas sociales.","Impacto":"Medio","Pregunta":"¿Te resulta fácil asegurar que tus opiniones sobre problemas sociales tengan una base lógica y no se contradigan entre sí?","R1":"No suelo revisar si mis ideas tienen lógica o se contradicen.","R2":"Me cuesta conectar mis pensamientos de forma coherente.","R3":"A veces detecto contradicciones, pero no siempre las corrijo.","R4":"Normalmente logro que mis argumentos sociales sean lógicos.","R5":"Mantengo una coherencia total en mis ideas de forma natural.","Tipo de Respuesta":"Capacidad","T1":"Muy difícil","T2":"Dificil","T3":"Neutro","T4":"Facil","T5":"Muy fácil","Explicación":"Esta reformulación mide la capacidad de mantener coherencia lógica al comunicarse con otros, lo cual impacta directamente en la claridad del pensamiento y la interacción social. Permite evaluar si el individuo organiza sus argumentos antes de expresarse dentro de un entorno colectivo."}, | W6: =RAND() -> 0.68455663 | X6: =COUNTIFS($F$2:$F$200, F6, $W$2:$W$200, "<=" & W6) -> 8
A7: 6 | B7: Cambio de opinión cuando la evidencia lo justifica | C7: N1 | D7: Fundamento interno que sostiene la conducta social. | E7: false | F7: Cognitiva | G7: Comprensión de problemas sociales. | H7: Medio | I7: ¿Qué tan de acuerdo estás con la práctica de modificar tu postura sobre un problema social cuando se te presenta evidencia lógica que demuestra que tu opinión inicial era incorrecta? | J7: Mantengo mi posición inicial aunque me presenten pruebas en contra. | K7: Me cuesta mucho aceptar que estoy equivocado y cambiar mi discurso. | L7: Solo cambio de opinión si la evidencia es abrumadora o me afecta. | M7: Estoy dispuesto a ajustar mis ideas si me demuestran que hay datos más válidos. | N7: Priorizo la verdad y la lógica sobre el hecho de tener la razón. | O7: Acuerdo | P7: Totalmente en desacuerdo | Q7: En desacuerdo | R7: Ni de acuerdo ni en desacuerdo | S7: De acuerdo | T7: Totalmente de acuerdo | U7: La pregunta evalúa el nivel de acuerdo con la capacidad de ajustar creencias cuando existen argumentos sólidos. Esto permite medir apertura cognitiva y disposición al cambio racional, habilidades esenciales para la toma de decisiones responsables dentro de dinámicas sociales. | V7: ="{"&_xlfn.TEXTJOIN(",",TRUE, """"&_xlfn.TEXTJOIN(""":",TRUE,A$1,A7), """"&_xlfn.TEXTJOIN(""":""",TRUE,B$1,B7)&"""", """"&_xlfn.TEXTJOIN(""":""",TRUE,C$1,C7)&"""", """"&_xlfn.TEXTJOIN(""":""",TRUE,D$1,D7)&"""", """"&_xlfn.TEXTJOIN(""":",TRUE,E$1,E7), """"&_xlfn.TEXTJOIN(""":""",TRUE,F$1,F7)&"""", """"&_xlfn.TEXTJOIN(""":""",TRUE,G$1,G7)&"""", """"&_xlfn.TEXTJOIN(""":""",TRUE,H$1,H7)&"""", """"&_xlfn.TEXTJOIN(""":""",TRUE,I$1,I7)&"""", """"&_xlfn.TEXTJOIN(""":""",TRUE,J$1,J7)&"""", """"&_xlfn.TEXTJOIN(""":""",TRUE,K$1,K7)&"""", """"&_xlfn.TEXTJOIN(""":""",TRUE,L$1,L7)&"""", """"&_xlfn.TEXTJOIN(""":""",TRUE,M$1,M7)&"""", """"&_xlfn.TEXTJOIN(""":""",TRUE,N$1,N7)&"""", """"&_xlfn.TEXTJOIN(""":""",TRUE,O$1,O7)&"""", """"&_xlfn.TEXTJOIN(""":""",TRUE,P$1,P7)&"""", """"&_xlfn.TEXTJOIN(""":""",TRUE,Q$1,Q7)&"""", """"&_xlfn.TEXTJOIN(""":""",TRUE,R$1,R7)&"""", """"&_xlfn.TEXTJOIN(""":""",TRUE,S$1,S7)&"""", """"&_xlfn.TEXTJOIN(""":""",TRUE,T$1,T7)&"""", """"&_xlfn.TEXTJOIN(""":""",TRUE,U$1,U7)&"""" )&"}," -> {"Item":6,"Pregunta_I":" Cambio de opinión cuando la evidencia lo justifica","Nivel":"N1","CriterioN":"Fundamento interno que sostiene la conducta social.","P_Invertida":false,"Conciencia":"Cognitiva","CriterioC":"Comprensión de problemas sociales.","Impacto":"Medio","Pregunta":"¿Qué tan de acuerdo estás con la práctica de modificar tu postura sobre un problema social cuando se te presenta evidencia lógica que demuestra que tu opinión inicial era incorrecta?","R1":"Mantengo mi posición inicial aunque me presenten pruebas en contra.","R2":"Me cuesta mucho aceptar que estoy equivocado y cambiar mi discurso.","R3":"Solo cambio de opinión si la evidencia es abrumadora o me afecta.","R4":"Estoy dispuesto a ajustar mis ideas si me demuestran que hay datos más válidos.","R5":"Priorizo la verdad y la lógica sobre el hecho de tener la razón.","Tipo de Respuesta":"Acuerdo","T1":"Totalmente en desacuerdo","T2":"En desacuerdo","T3":"Ni de acuerdo ni en desacuerdo","T4":"De acuerdo","T5":"Totalmente de acuerdo","Explicación":"La pregunta evalúa el nivel de acuerdo con la capacidad de ajustar creencias cuando existen argumentos sólidos. Esto permite medir apertura cognitiva y disposición al cambio racional, habilidades esenciales para la toma de decisiones responsables dentro de dinámicas sociales."}, | W7: =RAND() -> 0.58881641 | X7: =COUNTIFS($F$2:$F$200, F7, $W$2:$W$200, "<=" & W7) -> 5
A8: 7 | B8: Me dejo llevar por ideas sin analizarlas | C8: N1 | D8: Fundamento interno que sostiene la conducta social. | E8: true | F8: Cognitiva | G8: Comprensión de problemas sociales. | H8: Medio | I8: ¿Adoptas ideas sociales solo porque todos las comparten, sin analizarlas tú mismo? | J8: Siempre analizo antes de aceptar. | K8: Trato de reflexionar. | L8: Me dejo llevar en temas comunes. | M8: Sigo la corriente habitualmente. | N8: Acepto lo que dicen sin cuestionarlo. | O8: Hábito | P8: Nunca | Q8: Casi nunca | R8: A veces | S8: Casi siempre | T8: Siempre | U8: Esta pregunta analiza el hábito de aceptar tendencias sociales sin reflexión crítica, midiendo influencia social y autonomía cognitiva. Es útil para identificar qué tan frecuentemente el individuo adopta ideas colectivas sin cuestionar su coherencia o impacto. | V8: ="{"&_xlfn.TEXTJOIN(",",TRUE, """"&_xlfn.TEXTJOIN(""":",TRUE,A$1,A8), """"&_xlfn.TEXTJOIN(""":""",TRUE,B$1,B8)&"""", """"&_xlfn.TEXTJOIN(""":""",TRUE,C$1,C8)&"""", """"&_xlfn.TEXTJOIN(""":""",TRUE,D$1,D8)&"""", """"&_xlfn.TEXTJOIN(""":",TRUE,E$1,E8), """"&_xlfn.TEXTJOIN(""":""",TRUE,F$1,F8)&"""", """"&_xlfn.TEXTJOIN(""":""",TRUE,G$1,G8)&"""", """"&_xlfn.TEXTJOIN(""":""",TRUE,H$1,H8)&"""", """"&_xlfn.TEXTJOIN(""":""",TRUE,I$1,I8)&"""", """"&_xlfn.TEXTJOIN(""":""",TRUE,J$1,J8)&"""", """"&_xlfn.TEXTJOIN(""":""",TRUE,K$1,K8)&"""", """"&_xlfn.TEXTJOIN(""":""",TRUE,L$1,L8)&"""", """"&_xlfn.TEXTJOIN(""":""",TRUE,M$1,M8)&"""", """"&_xlfn.TEXTJOIN(""":""",TRUE,N$1,N8)&"""", """"&_xlfn.TEXTJOIN(""":""",TRUE,O$1,O8)&"""", """"&_xlfn.TEXTJOIN(""":""",TRUE,P$1,P8)&"""", """"&_xlfn.TEXTJOIN(""":""",TRUE,Q$1,Q8)&"""", """"&_xlfn.TEXTJOIN(""":""",TRUE,R$1,R8)&"""", """"&_xlfn.TEXTJOIN(""":""",TRUE,S$1,S8)&"""", """"&_xlfn.TEXTJOIN(""":""",TRUE,T$1,T8)&"""", """"&_xlfn.TEXTJOIN(""":""",TRUE,U$1,U8)&"""" )&"}," -> {"Item":7,"Pregunta_I":" Me dejo llevar por ideas sin analizarlas","Nivel":"N1","CriterioN":"Fundamento interno que sostiene la conducta social.","P_Invertida":true,"Conciencia":"Cognitiva","CriterioC":"Comprensión de problemas sociales.","Impacto":"Medio","Pregunta":"¿Adoptas ideas sociales solo porque todos las comparten, sin analizarlas tú mismo?","R1":"Siempre analizo antes de aceptar.","R2":"Trato de reflexionar.","R3":"Me dejo llevar en temas comunes.","R4":"Sigo la corriente habitualmente.","R5":"Acepto lo que dicen sin cuestionarlo.","Tipo de Respuesta":"Hábito","T1":"Nunca","T2":"Casi nunca","T3":"A veces","T4":"Casi siempre","T5":"Siempre","Explicación":"Esta pregunta analiza el hábito de aceptar tendencias sociales sin reflexión crítica, midiendo influencia social y autonomía cognitiva. Es útil para identificar qué tan frecuentemente el individuo adopta ideas colectivas sin cuestionar su coherencia o impacto."}, | W8: =RAND() -> 0.65699592 | X8: =COUNTIFS($F$2:$F$200, F8, $W$2:$W$200, "<=" & W8) -> 6
A9: 8 | B9: Evalúo consecuencias antes de actuar | C9: N1 | D9: Fundamento interno que sostiene la conducta social. | E9: false | F9: Cognitiva | G9: Comprensión de problemas sociales. | H9: Medio | I9: ¿Te resulta fácil prever el impacto social de tus acciones antes de decidir cómo actuar? | J9: Actúo sin pensar en las consecuencias. | K9: Me cuesta imaginar cómo afectarán mis actos a otros. | L9: Solo evalúo consecuencias en situaciones graves. | M9: Suelo anticipar el efecto social de lo que hago. | N9: Proyecto siempre el impacto de mis actos con claridad. | O9: Capacidad | P9: Muy difícil | Q9: Dificil | R9: Neutro | S9: Facil | T9: Muy fácil | U9: La pregunta mide la capacidad de anticipar consecuencias sociales antes de actuar o hablar, evaluando pensamiento preventivo y responsabilidad cognitiva. Las respuestas permiten identificar si la persona regula su conducta considerando el efecto que genera en otros. | V9: ="{"&_xlfn.TEXTJOIN(",",TRUE, """"&_xlfn.TEXTJOIN(""":",TRUE,A$1,A9), """"&_xlfn.TEXTJOIN(""":""",TRUE,B$1,B9)&"""", """"&_xlfn.TEXTJOIN(""":""",TRUE,C$1,C9)&"""", """"&_xlfn.TEXTJOIN(""":""",TRUE,D$1,D9)&"""", """"&_xlfn.TEXTJOIN(""":",TRUE,E$1,E9), """"&_xlfn.TEXTJOIN(""":""",TRUE,F$1,F9)&"""", """"&_xlfn.TEXTJOIN(""":""",TRUE,G$1,G9)&"""", """"&_xlfn.TEXTJOIN(""":""",TRUE,H$1,H9)&"""", """"&_xlfn.TEXTJOIN(""":""",TRUE,I$1,I9)&"""", """"&_xlfn.TEXTJOIN(""":""",TRUE,J$1,J9)&"""", """"&_xlfn.TEXTJOIN(""":""",TRUE,K$1,K9)&"""", """"&_xlfn.TEXTJOIN(""":""",TRUE,L$1,L9)&"""", """"&_xlfn.TEXTJOIN(""":""",TRUE,M$1,M9)&"""", """"&_xlfn.TEXTJOIN(""":""",TRUE,N$1,N9)&"""", """"&_xlfn.TEXTJOIN(""":""",TRUE,O$1,O9)&"""", """"&_xlfn.TEXTJOIN(""":""",TRUE,P$1,P9)&"""", """"&_xlfn.TEXTJOIN(""":""",TRUE,Q$1,Q9)&"""", """"&_xlfn.TEXTJOIN(""":""",TRUE,R$1,R9)&"""", """"&_xlfn.TEXTJOIN(""":""",TRUE,S$1,S9)&"""", """"&_xlfn.TEXTJOIN(""":""",TRUE,T$1,T9)&"""", """"&_xlfn.TEXTJOIN(""":""",TRUE,U$1,U9)&"""" )&"}," -> {"Item":8,"Pregunta_I":" Evalúo consecuencias antes de actuar","Nivel":"N1","CriterioN":"Fundamento interno que sostiene la conducta social.","P_Invertida":false,"Conciencia":"Cognitiva","CriterioC":"Comprensión de problemas sociales.","Impacto":"Medio","Pregunta":"¿Te resulta fácil prever el impacto social de tus acciones antes de decidir cómo actuar?","R1":"Actúo sin pensar en las consecuencias.","R2":"Me cuesta imaginar cómo afectarán mis actos a otros.","R3":"Solo evalúo consecuencias en situaciones graves.","R4":"Suelo anticipar el efecto social de lo que hago.","R5":"Proyecto siempre el impacto de mis actos con claridad.","Tipo de Respuesta":"Capacidad","T1":"Muy difícil","T2":"Dificil","T3":"Neutro","T4":"Facil","T5":"Muy fácil","Explicación":"La pregunta mide la capacidad de anticipar consecuencias sociales antes de actuar o hablar, evaluando pensamiento preventivo y responsabilidad cognitiva. Las respuestas permiten identificar si la persona regula su conducta considerando el efecto que genera en otros."}, | W9: =RAND() -> 0.92160152 | X9: =COUNTIFS($F$2:$F$200, F9, $W$2:$W$200, "<=" & W9) -> 10
A10: 9 | B10: Organizo mentalmente la información compleja | C10: N1 | D10: Fundamento interno que sostiene la conducta social. | E10: false | F10: Cognitiva | G10: Comprensión de problemas sociales. | H10: Medio | I10: ¿Te resulta fácil ordenar mentalmente los diferentes datos y factores que componen un problema social complejo? | J10: La información me abruma y no logro estructurarla. | K10: Me cuesta conectar los puntos para entender el problema. | L10: Organizo la información si es sencilla o conocida. | M10: Suelo esquematizar mentalmente las partes del problema. | N10: Clarifico y estructuro datos complejos con naturalidad. | O10: Capacidad | P10: Muy difícil | Q10: Dificil | R10: Neutro | S10: Facil | T10: Muy fácil | U10: Esta formulación evalúa la capacidad de procesar múltiples perspectivas en una conversación, midiendo organización mental y comprensión situacional. Es importante porque refleja cómo el individuo estructura información social compleja para actuar con claridad y criterio. | V10: ="{"&_xlfn.TEXTJOIN(",",TRUE, """"&_xlfn.TEXTJOIN(""":",TRUE,A$1,A10), """"&_xlfn.TEXTJOIN(""":""",TRUE,B$1,B10)&"""", """"&_xlfn.TEXTJOIN(""":""",TRUE,C$1,C10)&"""", """"&_xlfn.TEXTJOIN(""":""",TRUE,D$1,D10)&"""", """"&_xlfn.TEXTJOIN(""":",TRUE,E$1,E10), """"&_xlfn.TEXTJOIN(""":""",TRUE,F$1,F10)&"""", """"&_xlfn.TEXTJOIN(""":""",TRUE,G$1,G10)&"""", """"&_xlfn.TEXTJOIN(""":""",TRUE,H$1,H10)&"""", """"&_xlfn.TEXTJOIN(""":""",TRUE,I$1,I10)&"""", """"&_xlfn.TEXTJOIN(""":""",TRUE,J$1,J10)&"""", """"&_xlfn.TEXTJOIN(""":""",TRUE,K$1,K10)&"""", """"&_xlfn.TEXTJOIN(""":""",TRUE,L$1,L10)&"""", """"&_xlfn.TEXTJOIN(""":""",TRUE,M$1,M10)&"""", """"&_xlfn.TEXTJOIN(""":""",TRUE,N$1,N10)&"""", """"&_xlfn.TEXTJOIN(""":""",TRUE,O$1,O10)&"""", """"&_xlfn.TEXTJOIN(""":""",TRUE,P$1,P10)&"""", """"&_xlfn.TEXTJOIN(""":""",TRUE,Q$1,Q10)&"""", """"&_xlfn.TEXTJOIN(""":""",TRUE,R$1,R10)&"""", """"&_xlfn.TEXTJOIN(""":""",TRUE,S$1,S10)&"""", """"&_xlfn.TEXTJOIN(""":""",TRUE,T$1,T10)&"""", """"&_xlfn.TEXTJOIN(""":""",TRUE,U$1,U10)&"""" )&"}," -> {"Item":9,"Pregunta_I":" Organizo mentalmente la información compleja","Nivel":"N1","CriterioN":"Fundamento interno que sostiene la conducta social.","P_Invertida":false,"Conciencia":"Cognitiva","CriterioC":"Comprensión de problemas sociales.","Impacto":"Medio","Pregunta":"¿Te resulta fácil ordenar mentalmente los diferentes datos y factores que componen un problema social complejo?","R1":"La información me abruma y no logro estructurarla.","R2":"Me cuesta conectar los puntos para entender el problema.","R3":"Organizo la información si es sencilla o conocida.","R4":"Suelo esquematizar mentalmente las partes del problema.","R5":"Clarifico y estructuro datos complejos con naturalidad.","Tipo de Respuesta":"Capacidad","T1":"Muy difícil","T2":"Dificil","T3":"Neutro","T4":"Facil","T5":"Muy fácil","Explicación":"Esta formulación evalúa la capacidad de procesar múltiples perspectivas en una conversación, midiendo organización mental y comprensión situacional. Es importante porque refleja cómo el individuo estructura información social compleja para actuar con claridad y criterio."}, | W10: =RAND() -> 0.13626685 | X10: =COUNTIFS($F$2:$F$200, F10, $W$2:$W$200, "<=" & W10) -> 2
A11: 10 | B11: Me cuesta estructurar mis pensamientos | C11: N1 | D11: Fundamento interno que sostiene la conducta social. | E11: true | F11: Cognitiva | G11: Comprensión de problemas sociales. | H11: Medio | I11: ¿Te resulta fácil sentir que tus pensamientos sobre un tema social están desordenados o te cuesta darles una estructura clara? | J11: Mis pensamientos siempre están ordenados y claros. | K11: Logro estructurar bien mis ideas. | L11: A veces me confundo con tanta información. | M11: Frecuentemente me cuesta organizar lo que pienso. | N11: Mis ideas suelen ser un caos y no logro ordenarlas. | O11: Capacidad | P11: Muy difícil | Q11: Dificil | R11: Neutro | S11: Facil | T11: Muy fácil | U11: La pregunta evalúa la dificultad para estructurar pensamientos al comunicarse socialmente, enfocándose en la claridad mental aplicada a la interacción con otros. Al ser una pregunta invertida, permite detectar limitaciones cognitivas en expresión y coherencia verbal en contextos colectivos. | V11: ="{"&_xlfn.TEXTJOIN(",",TRUE, """"&_xlfn.TEXTJOIN(""":",TRUE,A$1,A11), """"&_xlfn.TEXTJOIN(""":""",TRUE,B$1,B11)&"""", """"&_xlfn.TEXTJOIN(""":""",TRUE,C$1,C11)&"""", """"&_xlfn.TEXTJOIN(""":""",TRUE,D$1,D11)&"""", """"&_xlfn.TEXTJOIN(""":",TRUE,E$1,E11), """"&_xlfn.TEXTJOIN(""":""",TRUE,F$1,F11)&"""", """"&_xlfn.TEXTJOIN(""":""",TRUE,G$1,G11)&"""", """"&_xlfn.TEXTJOIN(""":""",TRUE,H$1,H11)&"""", """"&_xlfn.TEXTJOIN(""":""",TRUE,I$1,I11)&"""", """"&_xlfn.TEXTJOIN(""":""",TRUE,J$1,J11)&"""", """"&_xlfn.TEXTJOIN(""":""",TRUE,K$1,K11)&"""", """"&_xlfn.TEXTJOIN(""":""",TRUE,L$1,L11)&"""", """"&_xlfn.TEXTJOIN(""":""",TRUE,M$1,M11)&"""", """"&_xlfn.TEXTJOIN(""":""",TRUE,N$1,N11)&"""", """"&_xlfn.TEXTJOIN(""":""",TRUE,O$1,O11)&"""", """"&_xlfn.TEXTJOIN(""":""",TRUE,P$1,P11)&"""", """"&_xlfn.TEXTJOIN(""":""",TRUE,Q$1,Q11)&"""", """"&_xlfn.TEXTJOIN(""":""",TRUE,R$1,R11)&"""", """"&_xlfn.TEXTJOIN(""":""",TRUE,S$1,S11)&"""", """"&_xlfn.TEXTJOIN(""":""",TRUE,T$1,T11)&"""", """"&_xlfn.TEXTJOIN(""":""",TRUE,U$1,U11)&"""" )&"}," -> {"Item":10,"Pregunta_I":" Me cuesta estructurar mis pensamientos","Nivel":"N1","CriterioN":"Fundamento interno que sostiene la conducta social.","P_Invertida":true,"Conciencia":"Cognitiva","CriterioC":"Comprensión de problemas sociales.","Impacto":"Medio","Pregunta":"¿Te resulta fácil sentir que tus pensamientos sobre un tema social están desordenados o te cuesta darles una estructura clara?","R1":"Mis pensamientos siempre están ordenados y claros.","R2":"Logro estructurar bien mis ideas.","R3":"A veces me confundo con tanta información.","R4":"Frecuentemente me cuesta organizar lo que pienso.","R5":"Mis ideas suelen ser un caos y no logro ordenarlas.","Tipo de Respuesta":"Capacidad","T1":"Muy difícil","T2":"Dificil","T3":"Neutro","T4":"Facil","T5":"Muy fácil","Explicación":"La pregunta evalúa la dificultad para estructurar pensamientos al comunicarse socialmente, enfocándose en la claridad mental aplicada a la interacción con otros. Al ser una pregunta invertida, permite detectar limitaciones cognitivas en expresión y coherencia verbal en contextos colectivos."}, | W11: =RAND() -> 0.011072265 | X11: =COUNTIFS($F$2:$F$200, F11, $W$2:$W$200, "<=" & W11) -> 1
A12: 11 | B12: Identifico con claridad lo que siento | C12: N2 | D12: Procesamiento intermedio que regula y modula. | E12: false | F12: Emocional | G12: Sensibilidad hacia los demás. | H12: Medio | I12: ¿Te resulta fácil identificar con claridad tus emociones cuando te enfrentas a una situación social que te genera sensibilidad o conflicto? | J12: No distingo lo que siento; mis emociones me confunden. | K12: Sé que algo me afecta, pero me cuesta ponerle nombre. | L12: Identifico mis emociones básicas tras un tiempo de reflexión. | M12: Suelo reconocer mis sentimientos con rapidez y claridad. | N12: Noto y comprendo mis emociones al instante en cualquier situación. | O12: Capacidad | P12: Muy difícil | Q12: Dificil | R12: Neutro | S12: Facil | T12: Muy fácil | U12: Se adapta la pregunta al contexto social, manteniendo el objetivo de evaluar conciencia emocional interna. Las respuestas representan niveles de reconocimiento emocional que influyen en la forma en que el individuo responde ante otras personas. | V12: ="{"&_xlfn.TEXTJOIN(",",TRUE, """"&_xlfn.TEXTJOIN(""":",TRUE,A$1,A12), """"&_xlfn.TEXTJOIN(""":""",TRUE,B$1,B12)&"""", """"&_xlfn.TEXTJOIN(""":""",TRUE,C$1,C12)&"""", """"&_xlfn.TEXTJOIN(""":""",TRUE,D$1,D12)&"""", """"&_xlfn.TEXTJOIN(""":",TRUE,E$1,E12), """"&_xlfn.TEXTJOIN(""":""",TRUE,F$1,F12)&"""", """"&_xlfn.TEXTJOIN(""":""",TRUE,G$1,G12)&"""", """"&_xlfn.TEXTJOIN(""":""",TRUE,H$1,H12)&"""", """"&_xlfn.TEXTJOIN(""":""",TRUE,I$1,I12)&"""", """"&_xlfn.TEXTJOIN(""":""",TRUE,J$1,J12)&"""", """"&_xlfn.TEXTJOIN(""":""",TRUE,K$1,K12)&"""", """"&_xlfn.TEXTJOIN(""":""",TRUE,L$1,L12)&"""", """"&_xlfn.TEXTJOIN(""":""",TRUE,M$1,M12)&"""", """"&_xlfn.TEXTJOIN(""":""",TRUE,N$1,N12)&"""", """"&_xlfn.TEXTJOIN(""":""",TRUE,O$1,O12)&"""", """"&_xlfn.TEXTJOIN(""":""",TRUE,P$1,P12)&"""", """"&_xlfn.TEXTJOIN(""":""",TRUE,Q$1,Q12)&"""", """"&_xlfn.TEXTJOIN(""":""",TRUE,R$1,R12)&"""", """"&_xlfn.TEXTJOIN(""":""",TRUE,S$1,S12)&"""", """"&_xlfn.TEXTJOIN(""":""",TRUE,T$1,T12)&"""", """"&_xlfn.TEXTJOIN(""":""",TRUE,U$1,U12)&"""" )&"}," -> {"Item":11,"Pregunta_I":" Identifico con claridad lo que siento","Nivel":"N2","CriterioN":"Procesamiento intermedio que regula y modula.","P_Invertida":false,"Conciencia":"Emocional","CriterioC":"Sensibilidad hacia los demás.","Impacto":"Medio","Pregunta":"¿Te resulta fácil identificar con claridad tus emociones cuando te enfrentas a una situación social que te genera sensibilidad o conflicto?","R1":"No distingo lo que siento; mis emociones me confunden.","R2":"Sé que algo me afecta, pero me cuesta ponerle nombre.","R3":"Identifico mis emociones básicas tras un tiempo de reflexión.","R4":"Suelo reconocer mis sentimientos con rapidez y claridad.","R5":"Noto y comprendo mis emociones al instante en cualquier situación.","Tipo de Respuesta":"Capacidad","T1":"Muy difícil","T2":"Dificil","T3":"Neutro","T4":"Facil","T5":"Muy fácil","Explicación":"Se adapta la pregunta al contexto social, manteniendo el objetivo de evaluar conciencia emocional interna. Las respuestas representan niveles de reconocimiento emocional que influyen en la forma en que el individuo responde ante otras personas."}, | W12: =RAND() -> 0.59990051 | X12: =COUNTIFS($F$2:$F$200, F12, $W$2:$W$200, "<=" & W12) -> 5
A13: 12 | B13: Comprendo por qué me siento como me siento | C13: N2 | D13: Procesamiento intermedio que regula y modula. | E13: false | F13: Emocional | G13: Sensibilidad hacia los demás. | H13: Medio | I13: ¿Te resulta fácil entender la razón exacta de tu malestar o incomodidad cuando te encuentras en un entorno social? | J13: Siento la incomodidad pero no logro entender por qué me ocurre. | K13: Me cuesta mucho descifrar qué detonó mi malestar en ese momento. | L13: A veces comprendo el origen de mi incomodidad tras pensarlo mucho. | M13: Suelo identificar rápido qué situación o comentario me hizo sentir mal. | N13: Reconozco de inmediato la causa exacta de mi emoción social. | O13: Capacidad | P13: Muy difícil | Q13: Dificil | R13: Neutro | S13: Facil | T13: Muy fácil | U13: Se enfoca en la comprensión emocional y su origen, clave para regulación social. Las respuestas miden el nivel de interpretación emocional y autoconocimiento, necesario para actuar con mayor equilibrio en la convivencia. | V13: ="{"&_xlfn.TEXTJOIN(",",TRUE, """"&_xlfn.TEXTJOIN(""":",TRUE,A$1,A13), """"&_xlfn.TEXTJOIN(""":""",TRUE,B$1,B13)&"""", """"&_xlfn.TEXTJOIN(""":""",TRUE,C$1,C13)&"""", """"&_xlfn.TEXTJOIN(""":""",TRUE,D$1,D13)&"""", """"&_xlfn.TEXTJOIN(""":",TRUE,E$1,E13), """"&_xlfn.TEXTJOIN(""":""",TRUE,F$1,F13)&"""", """"&_xlfn.TEXTJOIN(""":""",TRUE,G$1,G13)&"""", """"&_xlfn.TEXTJOIN(""":""",TRUE,H$1,H13)&"""", """"&_xlfn.TEXTJOIN(""":""",TRUE,I$1,I13)&"""", """"&_xlfn.TEXTJOIN(""":""",TRUE,J$1,J13)&"""", """"&_xlfn.TEXTJOIN(""":""",TRUE,K$1,K13)&"""", """"&_xlfn.TEXTJOIN(""":""",TRUE,L$1,L13)&"""", """"&_xlfn.TEXTJOIN(""":""",TRUE,M$1,M13)&"""", """"&_xlfn.TEXTJOIN(""":""",TRUE,N$1,N13)&"""", """"&_xlfn.TEXTJOIN(""":""",TRUE,O$1,O13)&"""", """"&_xlfn.TEXTJOIN(""":""",TRUE,P$1,P13)&"""", """"&_xlfn.TEXTJOIN(""":""",TRUE,Q$1,Q13)&"""", """"&_xlfn.TEXTJOIN(""":""",TRUE,R$1,R13)&"""", """"&_xlfn.TEXTJOIN(""":""",TRUE,S$1,S13)&"""", """"&_xlfn.TEXTJOIN(""":""",TRUE,T$1,T13)&"""", """"&_xlfn.TEXTJOIN(""":""",TRUE,U$1,U13)&"""" )&"}," -> {"Item":12,"Pregunta_I":" Comprendo por qué me siento como me siento","Nivel":"N2","CriterioN":"Procesamiento intermedio que regula y modula.","P_Invertida":false,"Conciencia":"Emocional","CriterioC":"Sensibilidad hacia los demás.","Impacto":"Medio","Pregunta":"¿Te resulta fácil entender la razón exacta de tu malestar o incomodidad cuando te encuentras en un entorno social?","R1":"Siento la incomodidad pero no logro entender por qué me ocurre.","R2":"Me cuesta mucho descifrar qué detonó mi malestar en ese momento.","R3":"A veces comprendo el origen de mi incomodidad tras pensarlo mucho.","R4":"Suelo identificar rápido qué situación o comentario me hizo sentir mal.","R5":"Reconozco de inmediato la causa exacta de mi emoción social.","Tipo de Respuesta":"Capacidad","T1":"Muy difícil","T2":"Dificil","T3":"Neutro","T4":"Facil","T5":"Muy fácil","Explicación":"Se enfoca en la comprensión emocional y su origen, clave para regulación social. Las respuestas miden el nivel de interpretación emocional y autoconocimiento, necesario para actuar con mayor equilibrio en la convivencia."}, | W13: =RAND() -> 0.070270616 | X13: =COUNTIFS($F$2:$F$200, F13, $W$2:$W$200, "<=" & W13) -> 1
... A151: 150 | B151: Me percibo como una persona íntegra | C151: N2 | D151: Procesamiento intermedio que regula y modula. | E151: false | F151: Coherencia Interna | G151: Asegura consistencia entre valores y acciones sociales. | H151: Alto | I151: ¿Qué tan de acuerdo estás con que la integridad es la característica que mejor define tu forma de actuar con los demás? | J151: No me considero una persona íntegra. | K151: Casi nunca actúo con integridad. | L151: Depende del contexto. | M151: Actúo con integridad. | N151: Siempre actúo con integridad, incluso cuando me cuesta. | O151: Actitud | P151: Totalmente en desacuerdo | Q151: En desacuerdo | R151: Ni de acuerdo ni en desacuerdo | S151: De acuerdo | T151: Totalmente de acuerdo | U151: Evalúa percepción interna de integridad como rasgo regulador del comportamiento social. | V151: ="{"&_xlfn.TEXTJOIN(",",TRUE, """"&_xlfn.TEXTJOIN(""":",TRUE,A$1,A151), """"&_xlfn.TEXTJOIN(""":""",TRUE,B$1,B151)&"""", """"&_xlfn.TEXTJOIN(""":""",TRUE,C$1,C151)&"""", """"&_xlfn.TEXTJOIN(""":""",TRUE,D$1,D151)&"""", """"&_xlfn.TEXTJOIN(""":",TRUE,E$1,E151), """"&_xlfn.TEXTJOIN(""":""",TRUE,F$1,F151)&"""", """"&_xlfn.TEXTJOIN(""":""",TRUE,G$1,G151)&"""", """"&_xlfn.TEXTJOIN(""":""",TRUE,H$1,H151)&"""", """"&_xlfn.TEXTJOIN(""":""",TRUE,I$1,I151)&"""", """"&_xlfn.TEXTJOIN(""":""",TRUE,J$1,J151)&"""", """"&_xlfn.TEXTJOIN(""":""",TRUE,K$1,K151)&"""", """"&_xlfn.TEXTJOIN(""":""",TRUE,L$1,L151)&"""", """"&_xlfn.TEXTJOIN(""":""",TRUE,M$1,M151)&"""", """"&_xlfn.TEXTJOIN(""":""",TRUE,N$1,N151)&"""", """"&_xlfn.TEXTJOIN(""":""",TRUE,O$1,O151)&"""", """"&_xlfn.TEXTJOIN(""":""",TRUE,P$1,P151)&"""", """"&_xlfn.TEXTJOIN(""":""",TRUE,Q$1,Q151)&"""", """"&_xlfn.TEXTJOIN(""":""",TRUE,R$1,R151)&"""", """"&_xlfn.TEXTJOIN(""":""",TRUE,S$1,S151)&"""", """"&_xlfn.TEXTJOIN(""":""",TRUE,T$1,T151)&"""", """"&_xlfn.TEXTJOIN(""":""",TRUE,U$1,U151)&"""" )&"}," -> {"Item":150,"Pregunta_I":" Me percibo como una persona íntegra","Nivel":"N2","CriterioN":"Procesamiento intermedio que regula y modula.","P_Invertida":false,"Conciencia":"Coherencia Interna","CriterioC":"Asegura consistencia entre valores y acciones sociales.","Impacto":"Alto","Pregunta":"¿Qué tan de acuerdo estás con que la integridad es la característica que mejor define tu forma de actuar con los demás?","R1":"No me considero una persona íntegra.","R2":"Casi nunca actúo con integridad.","R3":"Depende del contexto.","R4":"Actúo con integridad.","R5":"Siempre actúo con integridad, incluso cuando me cuesta.","Tipo de Respuesta":"Actitud","T1":"Totalmente en desacuerdo","T2":"En desacuerdo","T3":"Ni de acuerdo ni en desacuerdo","T4":"De acuerdo","T5":"Totalmente de acuerdo","Explicación":"Evalúa percepción interna de integridad como rasgo regulador del comportamiento social."}, | W151: =RAND() -> 0.68728952 | X151: =COUNTIFS($F$2:$F$200, F151, $W$2:$W$200, "<=" & W151) -> 7

Sheet 60 Preguntas
A1: Item | B1: Pregunta_I | C1: Nivel | D1: CriterioN | E1: P_Invertida | F1: Conciencia | G1: CriterioC | H1: Impacto | I1: Pregunta | J1: R1 | K1: R2 | L1: R3 | M1: R4 | N1: R5 | O1: Tipo de Respuesta | P1: T1 | Q1: T2 | R1: T3 | S1: T4 | T1: T5 | U1: Explicación | V1: Diccionarios
A2: 2 | B2: Cuestiono la información antes de aceptarla como verdadera | C2: N1 | D2: Fundamento interno que sostiene la conducta social. | E2: false | F2: Cognitiva | G2: Comprensión de problemas sociales. | H2: Medio | I2: ¿Cuestionas y verificas la veracidad de la información sobre problemas sociales antes de aceptarla como una verdad que guíe tu opinión o conducta? | J2: Acepto la información de forma automática. | K2: Solo dudo si la fuente me parece sospechosa. | L2: Comparo datos de vez en cuando antes de decidir. | M2: Suelo verificar la información en distintas fuentes. | N2: Evalúo críticamente toda información antes de creerla. | O2: Hábito | P2: Nunca | Q2: Casi nunca | R2: A veces | S2: Casi siempre | T2: Siempre | U2: La pregunta mide el hábito de pensamiento crítico aplicado al entorno social, especialmente frente a información compartida por otros. Evaluar este comportamiento es relevante porque influye en la forma en que el individuo procesa rumores, noticias o creencias sociales antes de reproducirlas. | V2: {"Item":2,"Pregunta_I":" Cuestiono la información antes de aceptarla como verdadera","Nivel":"N1","CriterioN":"Fundamento interno que sostiene la conducta social.","P_Invertida":false,"Conciencia":"Cognitiva","CriterioC":"Comprensión de problemas sociales.","Impacto":"Medio","Pregunta":"¿Cuestionas y verificas la veracidad de la información sobre problemas sociales antes de aceptarla como una verdad que guíe tu opinión o conducta?","R1":"Acepto la información de forma automática.","R2":"Solo dudo si la fuente me parece sospechosa.","R3":"Comparo datos de vez en cuando antes de decidir.","R4":"Suelo verificar la información en distintas fuentes.","R5":"Evalúo críticamente toda información antes de creerla.","Tipo de Respuesta":"Hábito","T1":"Nunca","T2":"Casi nunca","T3":"A veces","T4":"Casi siempre","T5":"Siempre","Explicación":"La pregunta mide el hábito de pensamiento crítico aplicado al entorno social, especialmente frente a información compartida por otros. Evaluar este comportamiento es relevante porque influye en la forma en que el individuo procesa rumores, noticias o creencias sociales antes de reproducirlas."},
A3: 4 | B3: Identifico errores en mi razonamiento | C3: N1 | D3: Fundamento interno que sostiene la conducta social. | E3: false | F3: Cognitiva | G3: Comprensión de problemas sociales. | H3: Medio | I3: ¿Te resulta fácil detectar una falla o contradicción en tu propia forma de pensar cuando analizas un problema social complejo? | J3: No logro ver errores en mi lógica. | K3: Me cuesta mucho aceptar que mi razonamiento puede estar equivocado. | L3: A veces noto mis errores, pero solo después de que alguien me los señala. | M3: Suelo identificar mis propias contradicciones mientras estoy reflexionando. | N3: Detecto y corrijo mis fallos de razonamiento de manera natural y constante. | O3: Capacidad | P3: Muy difícil | Q3: Dificil | R3: Neutro | S3: Facil | T3: Muy fácil | U3: Esta formulación sitúa la reflexión interna dentro de un conflicto interpersonal, permitiendo medir la capacidad de autocontrol cognitivo antes de responder socialmente. Se evalúa qué tan fácil es para el individuo detenerse, analizar y responder con conciencia en interacción con otros. | V3: {"Item":4,"Pregunta_I":" Identifico errores en mi razonamiento","Nivel":"N1","CriterioN":"Fundamento interno que sostiene la conducta social.","P_Invertida":false,"Conciencia":"Cognitiva","CriterioC":"Comprensión de problemas sociales.","Impacto":"Medio","Pregunta":"¿Te resulta fácil detectar una falla o contradicción en tu propia forma de pensar cuando analizas un problema social complejo?","R1":"No logro ver errores en mi lógica.","R2":"Me cuesta mucho aceptar que mi razonamiento puede estar equivocado.","R3":"A veces noto mis errores, pero solo después de que alguien me los señala.","R4":"Suelo identificar mis propias contradicciones mientras estoy reflexionando.","R5":"Detecto y corrijo mis fallos de razonamiento de manera natural y constante.","Tipo de Respuesta":"Capacidad","T1":"Muy difícil","T2":"Dificil","T3":"Neutro","T4":"Facil","T5":"Muy fácil","Explicación":"Esta formulación sitúa la reflexión interna dentro de un conflicto interpersonal, permitiendo medir la capacidad de autocontrol cognitivo antes de responder socialmente. Se evalúa qué tan fácil es para el individuo detenerse, analizar y responder con conciencia en interacción con otros."},
A4: 6 | B4: Cambio de opinión cuando la evidencia lo justifica | C4: N1 | D4: Fundamento interno que sostiene la conducta social. | E4: false | F4: Cognitiva | G4: Comprensión de problemas sociales. | H4: Medio | I4: ¿Qué tan de acuerdo estás con la práctica de modificar tu postura sobre un problema social cuando se te presenta evidencia lógica que demuestra que tu opinión inicial era incorrecta? | J4: Mantengo mi posición inicial aunque me presenten pruebas en contra. | K4: Me cuesta mucho aceptar que estoy equivocado y cambiar mi discurso. | L4: Solo cambio de opinión si la evidencia es abrumadora o me afecta. | M4: Estoy dispuesto a ajustar mis ideas si me demuestran que hay datos más válidos. | N4: Priorizo la verdad y la lógica sobre el hecho de tener la razón. | O4: Acuerdo | P4: Totalmente en desacuerdo | Q4: En desacuerdo | R4: Ni de acuerdo ni en desacuerdo | S4: De acuerdo | T4: Totalmente de acuerdo | U4: La pregunta evalúa el nivel de acuerdo con la capacidad de ajustar creencias cuando existen argumentos sólidos. Esto permite medir apertura cognitiva y disposición al cambio racional, habilidades esenciales para la toma de decisiones responsables dentro de dinámicas sociales. | V4: {"Item":6,"Pregunta_I":" Cambio de opinión cuando la evidencia lo justifica","Nivel":"N1","CriterioN":"Fundamento interno que sostiene la conducta social.","P_Invertida":false,"Conciencia":"Cognitiva","CriterioC":"Comprensión de problemas sociales.","Impacto":"Medio","Pregunta":"¿Qué tan de acuerdo estás con la práctica de modificar tu postura sobre un problema social cuando se te presenta evidencia lógica que demuestra que tu opinión inicial era incorrecta?","R1":"Mantengo mi posición inicial aunque me presenten pruebas en contra.","R2":"Me cuesta mucho aceptar que estoy equivocado y cambiar mi discurso.","R3":"Solo cambio de opinión si la evidencia es abrumadora o me afecta.","R4":"Estoy dispuesto a ajustar mis ideas si me demuestran que hay datos más válidos.","R5":"Priorizo la verdad y la lógica sobre el hecho de tener la razón.","Tipo de Respuesta":"Acuerdo","T1":"Totalmente en desacuerdo","T2":"En desacuerdo","T3":"Ni de acuerdo ni en desacuerdo","T4":"De acuerdo","T5":"Totalmente de acuerdo","Explicación":"La pregunta evalúa el nivel de acuerdo con la capacidad de ajustar creencias cuando existen argumentos sólidos. Esto permite medir apertura cognitiva y disposición al cambio racional, habilidades esenciales para la toma de decisiones responsables dentro de dinámicas sociales."},
A5: 10 | B5: Me cuesta estructurar mis pensamientos | C5: N1 | D5: Fundamento interno que sostiene la conducta social. | E5: true | F5: Cognitiva | G5: Comprensión de problemas sociales. | H5: Medio | I5: ¿Te resulta fácil sentir que tus pensamientos sobre un tema social están desordenados o te cuesta darles una estructura clara? | J5: Mis pensamientos siempre están ordenados y claros. | K5: Logro estructurar bien mis ideas. | L5: A veces me confundo con tanta información. | M5: Frecuentemente me cuesta organizar lo que pienso. | N5: Mis ideas suelen ser un caos y no logro ordenarlas. | O5: Capacidad | P5: Muy difícil | Q5: Dificil | R5: Neutro | S5: Facil | T5: Muy fácil | U5: La pregunta evalúa la dificultad para estructurar pensamientos al comunicarse socialmente, enfocándose en la claridad mental aplicada a la interacción con otros. Al ser una pregunta invertida, permite detectar limitaciones cognitivas en expresión y coherencia verbal en contextos colectivos. | V5: {"Item":10,"Pregunta_I":" Me cuesta estructurar mis pensamientos","Nivel":"N1","CriterioN":"Fundamento interno que sostiene la conducta social.","P_Invertida":true,"Conciencia":"Cognitiva","CriterioC":"Comprensión de problemas sociales.","Impacto":"Medio","Pregunta":"¿Te resulta fácil sentir que tus pensamientos sobre un tema social están desordenados o te cuesta darles una estructura clara?","R1":"Mis pensamientos siempre están ordenados y claros.","R2":"Logro estructurar bien mis ideas.","R3":"A veces me confundo con tanta información.","R4":"Frecuentemente me cuesta organizar lo que pienso.","R5":"Mis ideas suelen ser un caos y no logro ordenarlas.","Tipo de Respuesta":"Capacidad","T1":"Muy difícil","T2":"Dificil","T3":"Neutro","T4":"Facil","T5":"Muy fácil","Explicación":"La pregunta evalúa la dificultad para estructurar pensamientos al comunicarse socialmente, enfocándose en la claridad mental aplicada a la interacción con otros. Al ser una pregunta invertida, permite detectar limitaciones cognitivas en expresión y coherencia verbal en contextos colectivos."},
A6: 12 | B6: Comprendo por qué me siento como me siento | C6: N2 | D6: Procesamiento intermedio que regula y modula. | E6: false | F6: Emocional | G6: Sensibilidad hacia los demás. | H6: Medio | I6: ¿Te resulta fácil entender la razón exacta de tu malestar o incomodidad cuando te encuentras en un entorno social? | J6: Siento la incomodidad pero no logro entender por qué me ocurre. | K6: Me cuesta mucho descifrar qué detonó mi malestar en ese momento. | L6: A veces comprendo el origen de mi incomodidad tras pensarlo mucho. | M6: Suelo identificar rápido qué situación o comentario me hizo sentir mal. | N6: Reconozco de inmediato la causa exacta de mi emoción social. | O6: Capacidad | P6: Muy difícil | Q6: Dificil | R6: Neutro | S6: Facil | T6: Muy fácil | U6: Se enfoca en la comprensión emocional y su origen, clave para regulación social. Las respuestas miden el nivel de interpretación emocional y autoconocimiento, necesario para actuar con mayor equilibrio en la convivencia. | V6: {"Item":12,"Pregunta_I":" Comprendo por qué me siento como me siento","Nivel":"N2","CriterioN":"Procesamiento intermedio que regula y modula.","P_Invertida":false,"Conciencia":"Emocional","CriterioC":"Sensibilidad hacia los demás.","Impacto":"Medio","Pregunta":"¿Te resulta fácil entender la razón exacta de tu malestar o incomodidad cuando te encuentras en un entorno social?","R1":"Siento la incomodidad pero no logro entender por qué me ocurre.","R2":"Me cuesta mucho descifrar qué detonó mi malestar en ese momento.","R3":"A veces comprendo el origen de mi incomodidad tras pensarlo mucho.","R4":"Suelo identificar rápido qué situación o comentario me hizo sentir mal.","R5":"Reconozco de inmediato la causa exacta de mi emoción social.","Tipo de Respuesta":"Capacidad","T1":"Muy difícil","T2":"Dificil","T3":"Neutro","T4":"Facil","T5":"Muy fácil","Explicación":"Se enfoca en la comprensión emocional y su origen, clave para regulación social. Las respuestas miden el nivel de interpretación emocional y autoconocimiento, necesario para actuar con mayor equilibrio en la convivencia."},
A7: 13 | B7: Expreso mis emociones de forma adecuada | C7: N3 | D7: Manifestación externa observable en la sociedad. | E7: false | F7: Emocional | G7: Sensibilidad hacia los demás. | H7: Medio | I7: ¿Te resulta fácil expresar tus emociones de manera tranquila y clara ante los demás, incluso cuando te sientes molesto o incómodo? | J7: No logro expresarlas; o exploto o me guardo todo. | K7: Me cuesta mucho encontrar las palabras o el tono adecuado. | L7: A veces me expreso bien, pero pierdo el control si hay presión. | M7: Suelo comunicar lo que siento sin herir a los demás. | N7: Expreso mis sentimientos con total asertividad y calma siempre. | O7: Capacidad | P7: Muy difícil | Q7: Dificil | R7: Neutro | S7: Facil | T7: Muy fácil | U7: Se reformula para medir expresión emocional observable en sociedad. Las respuestas representan niveles de control y comunicación emocional, reflejando cómo el individuo maneja sus emociones en interacción con otros. | V7: {"Item":13,"Pregunta_I":" Expreso mis emociones de forma adecuada","Nivel":"N3","CriterioN":"Manifestación externa observable en la sociedad.","P_Invertida":false,"Conciencia":"Emocional","CriterioC":"Sensibilidad hacia los demás.","Impacto":"Medio","Pregunta":"¿Te resulta fácil expresar tus emociones de manera tranquila y clara ante los demás, incluso cuando te sientes molesto o incómodo?","R1":"No logro expresarlas; o exploto o me guardo todo.","R2":"Me cuesta mucho encontrar las palabras o el tono adecuado.","R3":"A veces me expreso bien, pero pierdo el control si hay presión.","R4":"Suelo comunicar lo que siento sin herir a los demás.","R5":"Expreso mis sentimientos con total asertividad y calma siempre.","Tipo de Respuesta":"Capacidad","T1":"Muy difícil","T2":"Dificil","T3":"Neutro","T4":"Facil","T5":"Muy fácil","Explicación":"Se reformula para medir expresión emocional observable en sociedad. Las respuestas representan niveles de control y comunicación emocional, reflejando cómo el individuo maneja sus emociones en interacción con otros."},
A8: 15 | B8: Me desbordo fácilmente emocionalmente | C8: N2 | D8: Procesamiento intermedio que regula y modula. | E8: true | F8: Emocional | G8: Sensibilidad hacia los demás. | H8: Medio | I8: ¿Sientes que tus emociones te sobrepasan o te desbordan, impidiéndote reaccionar de forma equilibrada ante los demás? | J8: Mantengo siempre el equilibrio, sin importar la intensidad emocional. | K8: Logro modular mis emociones antes de que me superen. | L8: En situaciones de mucha presión, pierdo mi centro emocional. | M8: Suelo sentirme desbordado y me cuesta recuperar la calma. | N8: Mis emociones me dominan totalmente y pierdo el control con facilidad. | O8: Frecuencia emocional | P8: Nunca | Q8: Casi nunca | R8: A veces | S8: Casi siempre | T8: Siempre | U8: La pregunta se mantiene como conducta emocional desbordada en contexto social. Es invertida porque representa dificultad de regulación emocional. Las respuestas reflejan niveles de control emocional frente a presión social. | V8: {"Item":15,"Pregunta_I":" Me desbordo fácilmente emocionalmente","Nivel":"N2","CriterioN":"Procesamiento intermedio que regula y modula.","P_Invertida":true,"Conciencia":"Emocional","CriterioC":"Sensibilidad hacia los demás.","Impacto":"Medio","Pregunta":"¿Sientes que tus emociones te sobrepasan o te desbordan, impidiéndote reaccionar de forma equilibrada ante los demás?","R1":"Mantengo siempre el equilibrio, sin importar la intensidad emocional.","R2":"Logro modular mis emociones antes de que me superen.","R3":"En situaciones de mucha presión, pierdo mi centro emocional.","R4":"Suelo sentirme desbordado y me cuesta recuperar la calma.","R5":"Mis emociones me dominan totalmente y pierdo el control con facilidad.","Tipo de Respuesta":"Frecuencia emocional","T1":"Nunca","T2":"Casi nunca","T3":"A veces","T4":"Casi siempre","T5":"Siempre","Explicación":"La pregunta se mantiene como conducta emocional desbordada en contexto social. Es invertida porque representa dificultad de regulación emocional. Las respuestas reflejan niveles de control emocional frente a presión social."},
A9: 19 | B9: Comprendo emociones complejas en mí | C9: N2 | D9: Procesamiento intermedio que regula y modula. | E9: false | F9: Emocional | G9: Sensibilidad hacia los demás. | H9: Medio | I9: ¿Te resulta fácil desenredar y comprender tus sentimientos cuando experimentas varias emociones complejas o contradictorias al mismo tiempo? | J9: Me siento confundido y no logro entender qué me pasa realmente. | K9: Me cuesta mucho distinguir una emoción de otra cuando se mezclan. | L9: Entiendo mis emociones mixtas solo después de mucho análisis. | M9: Suelo identificar con claridad los diferentes sentimientos que tengo. | N9: Descifro mis emociones complejas con total precisión y rapidez. | O9: Capacidad | P9: Muy difícil | Q9: Dificil | R9: Neutro | S9: Facil | T9: Muy fácil | U9: Se mantiene la esencia de comprender emociones complejas, llevándola a situaciones sociales. Las respuestas miden profundidad emocional y claridad interna, clave para responder adecuadamente en sociedad. | V9: {"Item":19,"Pregunta_I":" Comprendo emociones complejas en mí","Nivel":"N2","CriterioN":"Procesamiento intermedio que regula y modula.","P_Invertida":false,"Conciencia":"Emocional","CriterioC":"Sensibilidad hacia los demás.","Impacto":"Medio","Pregunta":"¿Te resulta fácil desenredar y comprender tus sentimientos cuando experimentas varias emociones complejas o contradictorias al mismo tiempo?","R1":"Me siento confundido y no logro entender qué me pasa realmente.","R2":"Me cuesta mucho distinguir una emoción de otra cuando se mezclan.","R3":"Entiendo mis emociones mixtas solo después de mucho análisis.","R4":"Suelo identificar con claridad los diferentes sentimientos que tengo.","R5":"Descifro mis emociones complejas con total precisión y rapidez.","Tipo de Respuesta":"Capacidad","T1":"Muy difícil","T2":"Dificil","T3":"Neutro","T4":"Facil","T5":"Muy fácil","Explicación":"Se mantiene la esencia de comprender emociones complejas, llevándola a situaciones sociales. Las respuestas miden profundidad emocional y claridad interna, clave para responder adecuadamente en sociedad."},
A10: 24 | B10: Identifico cómo influyo en mi entorno | C10: N1 | D10: Fundamento interno que sostiene la conducta social. | E10: false | F10: Conciencia | G10: Percepción y responsabilidad frente al entorno. | H10: Alto | I10: ¿Te resulta fácil identificar de manera clara las consecuencias positivas o negativas que tu presencia y comportamiento generan en tu entorno social? | J10: No percibo ninguna relación entre lo que hago y lo que sucede a mi alrededor. | K10: Me cuesta notar si mi comportamiento realmente influye en el bienestar de otros. | L10: Solo reconozco mi influencia si el impacto es muy directo o evidente. | M10: Suelo distinguir con claridad cómo mis actitudes afectan el clima de mi entorno. | N10: Identifico con precisión el impacto que causo en la sociedad. | O10: Capacidad | P10: Muy difícil | Q10: Dificil | R10: Neutro | S10: Facil | T10: Muy fácil | U10: Mide percepción del rol social del individuo y su influencia en la convivencia. | V10: {"Item":24,"Pregunta_I":" Identifico cómo influyo en mi entorno","Nivel":"N1","CriterioN":"Fundamento interno que sostiene la conducta social.","P_Invertida":false,"Conciencia":"Conciencia","CriterioC":"Percepción y responsabilidad frente al entorno.","Impacto":"Alto","Pregunta":"¿Te resulta fácil identificar de manera clara las consecuencias positivas o negativas que tu presencia y comportamiento generan en tu entorno social?","R1":"No percibo ninguna relación entre lo que hago y lo que sucede a mi alrededor.","R2":"Me cuesta notar si mi comportamiento realmente influye en el bienestar de otros.","R3":"Solo reconozco mi influencia si el impacto es muy directo o evidente.","R4":"Suelo distinguir con claridad cómo mis actitudes afectan el clima de mi entorno.","R5":"Identifico con precisión el impacto que causo en la sociedad.","Tipo de Respuesta":"Capacidad","T1":"Muy difícil","T2":"Dificil","T3":"Neutro","T4":"Facil","T5":"Muy fácil","Explicación":"Mide percepción del rol social del individuo y su influencia en la convivencia."},
A11: 27 | B11: Ajusto mi comportamiento cuando es necesario | C11: N3 | D11: Manifestación externa observable en la sociedad. | E11: false | F11: Conciencia | G11: Percepción y responsabilidad frente al entorno. | H11: Alto | I11: ¿Te resulta fácil ajustar tu comportamiento cuando notas que tus acciones afectan negativamente a los demás o al entorno? | J11: Nunca cambio mi comportamiento, aunque afecte a otros. | K11: Casi nunca lo cambio, incluso si me lo dicen. | L11: A veces lo ajusto, pero no siempre. | M11: Con frecuencia corrijo mi comportamiento cuando noto que afecta a alguien. | N11: Siempre intento ajustar mi conducta si veo que está generando un impacto negativo. | O11: Capacidad | P11: Muy difícil | Q11: Dificil | R11: Neutro | S11: Facil | T11: Muy fácil | U11: Evalúa adaptación social observable y capacidad de corregir conductas que afectan el entorno. | V11: {"Item":27,"Pregunta_I":" Ajusto mi comportamiento cuando es necesario","Nivel":"N3","CriterioN":"Manifestación externa observable en la sociedad.","P_Invertida":false,"Conciencia":"Conciencia","CriterioC":"Percepción y responsabilidad frente al entorno.","Impacto":"Alto","Pregunta":"¿Te resulta fácil ajustar tu comportamiento cuando notas que tus acciones afectan negativamente a los demás o al entorno?","R1":"Nunca cambio mi comportamiento, aunque afecte a otros.","R2":"Casi nunca lo cambio, incluso si me lo dicen.","R3":"A veces lo ajusto, pero no siempre.","R4":"Con frecuencia corrijo mi comportamiento cuando noto que afecta a alguien.","R5":"Siempre intento ajustar mi conducta si veo que está generando un impacto negativo.","Tipo de Respuesta":"Capacidad","T1":"Muy difícil","T2":"Dificil","T3":"Neutro","T4":"Facil","T5":"Muy fácil","Explicación":"Evalúa adaptación social observable y capacidad de corregir conductas que afectan el entorno."},
A12: 29 | B12: Aprendo de mis errores | C12: N3 | D12: Manifestación externa observable en la sociedad. | E12: false | F12: Conciencia | G12: Percepción y responsabilidad frente al entorno. | H12: Alto | I12: ¿Te resulta fácil convertir un error cometido en tu entorno social en un aprendizaje real que modifique tu comportamiento futuro? | J12: No suelo aprender de mis errores y los repito. | K12: A veces lo intento, pero no cambio realmente. | L12: Depende del error, en algunos casos aprendo y en otros no. | M12: Con frecuencia aprendo de mis errores y trato de mejorar. | N12: Siempre aprendo de mis errores y cambio mi comportamiento cuando es necesario. | O12: Capacidad | P12: Muy difícil | Q12: Dificil | R12: Neutro | S12: Facil | T12: Muy fácil | U12: Evalúa aprendizaje conductual visible y responsabilidad social frente a consecuencias. | V12: {"Item":29,"Pregunta_I":" Aprendo de mis errores","Nivel":"N3","CriterioN":"Manifestación externa observable en la sociedad.","P_Invertida":false,"Conciencia":"Conciencia","CriterioC":"Percepción y responsabilidad frente al entorno.","Impacto":"Alto","Pregunta":"¿Te resulta fácil convertir un error cometido en tu entorno social en un aprendizaje real que modifique tu comportamiento futuro?","R1":"No suelo aprender de mis errores y los repito.","R2":"A veces lo intento, pero no cambio realmente.","R3":"Depende del error, en algunos casos aprendo y en otros no.","R4":"Con frecuencia aprendo de mis errores y trato de mejorar.","R5":"Siempre aprendo de mis errores y cambio mi comportamiento cuando es necesario.","Tipo de Respuesta":"Capacidad","T1":"Muy difícil","T2":"Dificil","T3":"Neutro","T4":"Facil","T5":"Muy fácil","Explicación":"Evalúa aprendizaje conductual visible y responsabilidad social frente a consecuencias."},
A13: 30 | B13: Me observo internamente con frecuencia | C13: N1 | D13: Fundamento interno que sostiene la conducta social. | E13: false | F13: Conciencia | G13: Percepción y responsabilidad frente al entorno. | H13: Alto | I13: ¿Te detienes a analizar cómo te comportas y qué impacto causas en quienes te rodean? | J13: Nunca me observo ni pienso en cómo actúo frente a otros. | K13: Casi nunca me cuestiono mi comportamiento. | L13: A veces lo hago, pero no es constante. | M13: Con frecuencia me observo y reflexiono sobre cómo actúo. | N13: Siempre estoy atento a mi comportamiento y al impacto que genero en mi entorno. | O13: Hábito | P13: Nunca | Q13: Casi nunca | R13: A veces | S13: Casi siempre | T13: Siempre | U13: Mide autoobservación y monitoreo interno del comportamiento social para regular acciones. | V13: {"Item":30,"Pregunta_I":" Me observo internamente con frecuencia","Nivel":"N1","CriterioN":"Fundamento interno que sostiene la conducta social.","P_Invertida":false,"Conciencia":"Conciencia","CriterioC":"Percepción y responsabilidad frente al entorno.","Impacto":"Alto","Pregunta":"¿Te detienes a analizar cómo te comportas y qué impacto causas en quienes te rodean?","R1":"Nunca me observo ni pienso en cómo actúo frente a otros.","R2":"Casi nunca me cuestiono mi comportamiento.","R3":"A veces lo hago, pero no es constante.","R4":"Con frecuencia me observo y reflexiono sobre cómo actúo.","R5":"Siempre estoy atento a mi comportamiento y al impacto que genero en mi entorno.","Tipo de Respuesta":"Hábito","T1":"Nunca","T2":"Casi nunca","T3":"A veces","T4":"Casi siempre","T5":"Siempre","Explicación":"Mide autoobservación y monitoreo interno del comportamiento social para regular acciones."},
... A61: 149 | B61: Busco alineación interna constante | C61: N2 | D61: Procesamiento intermedio que regula y modula. | E61: false | F61: Coherencia Interna | G61: Asegura consistencia entre valores y acciones sociales. | H61: Alto | I61: ¿Es fundamental para ti que tus acciones diarias coincidan con lo que piensas y sientes? | J61: Prefiero ser flexible y actuar según lo que la situación requiera. | K61: No suelo dar prioridad a la coherencia interna al tomar decisiones. | L61: A veces busco esa alineación, pero depende de la circunstancia. | M61: Intento que mis actos reflejen mis convicciones. | N61: Es esencial actuar siempre en armonía con mis principios. | O61: Actitud | P61: Totalmente en desacuerdo | Q61: En desacuerdo | R61: Ni de acuerdo ni en desacuerdo | S61: De acuerdo | T61: Totalmente de acuerdo | U61: Mide procesamiento intermedio: autorregulación interna constante, clave para estabilidad social. | V61: {"Item":149,"Pregunta_I":" Busco alineación interna constante","Nivel":"N2","CriterioN":"Procesamiento intermedio que regula y modula.","P_Invertida":false,"Conciencia":"Coherencia Interna","CriterioC":"Asegura consistencia entre valores y acciones sociales.","Impacto":"Alto","Pregunta":"¿Es fundamental para ti que tus acciones diarias coincidan con lo que piensas y sientes?","R1":"Prefiero ser flexible y actuar según lo que la situación requiera.","R2":"No suelo dar prioridad a la coherencia interna al tomar decisiones.","R3":"A veces busco esa alineación, pero depende de la circunstancia.","R4":"Intento que mis actos reflejen mis convicciones.","R5":"Es esencial actuar siempre en armonía con mis principios.","Tipo de Respuesta":"Actitud","T1":"Totalmente en desacuerdo","T2":"En desacuerdo","T3":"Ni de acuerdo ni en desacuerdo","T4":"De acuerdo","T5":"Totalmente de acuerdo","Explicación":"Mide procesamiento intermedio: autorregulación interna constante, clave para estabilidad social."},

Sheet Formulario de Preguntas
A1: Item | B1: 150 | C1: P_Invertida | D1: =VLOOKUP($B$1,'150 Preguntas'!$A:$U,MATCH('Formulario de Preguntas'!C1,'150 Preguntas'!$1:$1,0),0) -> false | G1: Pront
A2: Nivel | B2: =VLOOKUP($B$1,'150 Preguntas'!$A:$U,MATCH('Formulario de Preguntas'!A2,'150 Preguntas'!$1:$1,0),0) -> N2 | C2: CriterioN | D2: =VLOOKUP($B$1,'150 Preguntas'!$A:$U,MATCH('Formulario de Preguntas'!C2,'150 Preguntas'!$1:$1,0),0) -> Procesamiento intermedio que regula y modula. | G2: =IF(D1="true","Genera una pregunta invertida CORTA, DIRECTA Y NEUTRAL; que mantenga neutralidad y que me permita identificar en el usuario su ","Genera una pregunta CORTA, DIRECTA Y NEUTRAL; que mantenga neutralidad y que me permita identificar en el usuario su ")&LOWER(D4&" con un "&D2&" Mediante una dimensión de "&B3&" que busca entender la "&D3&" en el individuo mediante un impacto "&B4&" en la sociedad, teniendo en cuenta tipos de respuesta de "&D4&" donde la escala de likert 1 - 5 este expresada de "&A12&" - "&E12&" las respuestas de 1 - 5 deben dar al individuo un contexto practico y que me permita a mi medir algo como "&A6&" la pregunta también debe estar enfocada a estas respuestas: "& CHAR(10))&"["&_xlfn.TEXTJOIN(":",TRUE,A8:A9)&_xlfn.TEXTJOIN(":",TRUE,B8:B9)&_xlfn.TEXTJOIN(":",TRUE,C8:C9)&_xlfn.TEXTJOIN(":",TRUE,D8:D9)&_xlfn.TEXTJOIN(":",TRUE,E8:E9)&"]"& " teniendo en cuenta el criterio de la pregunta anterior, si ves que hay una anomalía dame sugerencias; pregunta anterior: " &D6 -> Genera una pregunta CORTA, DIRECTA Y NEUTRAL; que mantenga neutralidad y que me permita identificar en el usuario su actitud con un procesamiento intermedio que regula y modula. mediante una dimensión de coherencia interna que busca entender la asegura consistencia entre valores y acciones sociales. en el individuo mediante un impacto alto en la sociedad, teniendo en cuenta tipos de respuesta de actitud donde la escala de likert 1 - 5 este expresada de totalmente en desacuerdo - totalmente de acuerdo las respuestas de 1 - 5 deben dar al individuo un contexto practico y que me permita a mi medir algo como me percibo como una persona íntegra la pregunta también debe estar enfocada a estas respuestas: [R1:No me considero una persona íntegra.R2:Casi nunca actúo con integridad.R3:Depende del contexto.R4:Actúo con integridad.R5:Siempre actúo con integridad, incluso cuando me cuesta.] teniendo en cuenta el criterio de la pregunta anterior, si ves que hay una anomalía dame sugerencias; pregunta anterior: ¿Qué tan de acuerdo estás con que la integridad es la característica que mejor define tu forma de actuar con los demás?
A3: Conciencia | B3: =VLOOKUP($B$1,'150 Preguntas'!$A:$U,MATCH('Formulario de Preguntas'!A3,'150 Preguntas'!$1:$1,0),0) -> Coherencia Interna | C3: CriterioC | D3: =VLOOKUP($B$1,'150 Preguntas'!$A:$U,MATCH('Formulario de Preguntas'!C3,'150 Preguntas'!$1:$1,0),0) -> Asegura consistencia entre valores y acciones sociales.
A4: Impacto | B4: =VLOOKUP($B$1,'150 Preguntas'!$A:$U,MATCH('Formulario de Preguntas'!A4,'150 Preguntas'!$1:$1,0),0) -> Alto | C4: Tipo de Respuesta | D4: =VLOOKUP($B$1,'150 Preguntas'!$A:$U,MATCH('Formulario de Preguntas'!C4,'150 Preguntas'!$1:$1,0),0) -> Actitud
A5: Pregunta_I | D5: Pregunta
A6: =VLOOKUP($B$1,'150 Preguntas'!$A:$U,MATCH('Formulario de Preguntas'!A5,'150 Preguntas'!$1:$1,0),0) -> Me percibo como una persona íntegra | D6: =VLOOKUP($B$1,'150 Preguntas'!$A:$U,MATCH('Formulario de Preguntas'!D5,'150 Preguntas'!$1:$1,0),0) -> ¿Qué tan de acuerdo estás con que la integridad es la característica que mejor define tu forma de actuar con los demás?
G7: Genera una pregunta CORTA, DIRECTA Y NEUTRAL; que mantenga neutralidad y que me permita identificar en el usuario su actitud con un procesamiento intermedio que regula y modula. mediante una dimensión de coherencia interna que busca entender la asegura consistencia entre valores y acciones sociales. en el individuo mediante un impacto alto en la sociedad, teniendo en cuenta tipos de respuesta de actitud donde la escala de likert 1 - 5 este expresada de totalmente en desacuerdo - totalmente de acuerdo las respuestas de 1 - 5 deben dar al individuo un contexto practico y que me permita a mi medir algo como me percibo como una persona íntegra la pregunta también debe estar enfocada a estas respuestas: [R1:No me considero una persona íntegra.R2:Casi nunca actúo con integridad.R3:Depende del contexto.R4:Generalmente actúo con integridad.R5:Siempre actúo con integridad, incluso cuando me cuesta.] teniendo en cuenta el criterio de la pregunta anterior, si ves que hay una anomalía dame sugerencias; pregunta anterior: En general, considero que soy una persona íntegra en mi trato con los demás.
A8: R1 | B8: R2 | C8: R3 | D8: R4 | E8: R5
A9: =VLOOKUP($B$1,'150 Preguntas'!$A:$U,MATCH('Formulario de Preguntas'!A8,'150 Preguntas'!$1:$1,0),0) -> No me considero una persona íntegra. | B9: =VLOOKUP($B$1,'150 Preguntas'!$A:$U,MATCH('Formulario de Preguntas'!B8,'150 Preguntas'!$1:$1,0),0) -> Casi nunca actúo con integridad. | C9: =VLOOKUP($B$1,'150 Preguntas'!$A:$U,MATCH('Formulario de Preguntas'!C8,'150 Preguntas'!$1:$1,0),0) -> Depende del contexto. | D9: =VLOOKUP($B$1,'150 Preguntas'!$A:$U,MATCH('Formulario de Preguntas'!D8,'150 Preguntas'!$1:$1,0),0) -> Actúo con integridad. | E9: =VLOOKUP($B$1,'150 Preguntas'!$A:$U,MATCH('Formulario de Preguntas'!E8,'150 Preguntas'!$1:$1,0),0) -> Siempre actúo con integridad, incluso cuando me cuesta.
A11: T1 | B11: T2 | C11: T3 | D11: T4 | E11: T5
A12: =VLOOKUP($B$1,'150 Preguntas'!$A:$U,MATCH('Formulario de Preguntas'!A11,'150 Preguntas'!$1:$1,0),0) -> Totalmente en desacuerdo | B12: =VLOOKUP($B$1,'150 Preguntas'!$A:$U,MATCH('Formulario de Preguntas'!B11,'150 Preguntas'!$1:$1,0),0) -> En desacuerdo | C12: =VLOOKUP($B$1,'150 Preguntas'!$A:$U,MATCH('Formulario de Preguntas'!C11,'150 Preguntas'!$1:$1,0),0) -> Ni de acuerdo ni en desacuerdo | D12: =VLOOKUP($B$1,'150 Preguntas'!$A:$U,MATCH('Formulario de Preguntas'!D11,'150 Preguntas'!$1:$1,0),0) -> De acuerdo | E12: =VLOOKUP($B$1,'150 Preguntas'!$A:$U,MATCH('Formulario de Preguntas'!E11,'150 Preguntas'!$1:$1,0),0) -> Totalmente de acuerdo
A13: Explicación
A14: =VLOOKUP($B$1,'150 Preguntas'!$A:$U,MATCH('Formulario de Preguntas'!A13,'150 Preguntas'!$1:$1,0),0) -> Evalúa percepción interna de integridad como rasgo regulador del comportamiento social.

Sheet Computadores para elegir
A1: Especificación | B1: Acer Aspire (Ryzen) | C1: Acer Nitro (El Salto) | D1: HP OMEN (El Pro) | E1: Acer Helios (La Bestia) | F1: MSI Raider (El Jefe)
A2: Procesador | B2: Ryzen 7 5825U | C2: Core Ultra 7 240H | D2: Core Ultra 7 255HX | E2: Core i9 Serie 2 | F2: Core Ultra 9 275HX
A3: Núcleos | B3: 8 Cores | C3: 10 Cores | D3: 20 Cores | E3: 24 Cores | F3: 24 Cores
A4: T. Gráfica | B4: Radeon (Integ.) | C4: RTX 5060 (8GB) | D4: RTX 5070 (12GB) | E4: RTX 5070 (12GB) | F4: RTX 5080 (16GB)
A5: VRAM | B5: N/A | C5: DDR7 | D5: DDR7 | E5: DDR7 | F5: DDR7
A6: RAM | B6: 16 GB DDR4 | C6: 32 GB DDR5 | D6: 32 GB DDR5 | E6: 32 GB DDR5 | F6: 32 GB DDR5
A7: Almacenamiento | B7: 512GB/1TB | C7: 1 TB SSD | D7: 1 TB SSD | E7: 1 TB SSD | F7: 2 TB SSD
A8: Vibe / Estilo | B8: Universitario | C8: Gamer de entrada | D8: Ejecutivo Tech | E8: Gamer Premium | F8: Entusiasta Extremo
A9: Precio Est. | B9: $2.3M - $2.5M | C9: ~$6.0M | D9: ~$10.0M | E9: ~$11.5M - $12M | F9: $16.0M

Sheet Preguntas (2)
A1: Item | B1: Pregunta_I | C1: Nivel | D1: CriterioN | E1: P_Invertida | F1: Conciencia | G1: CriterioC | H1: Impacto | I1: Pregunta | J1: R1 | K1: R2 | L1: R3 | M1: R4 | N1: R5 | O1: Tipo de Respuesta | P1: T1 | Q1: T2 | R1: T3 | S1: T4 | T1: T5 | U1: Explicación
A2: 1 | B2: Analizo diferentes perspectivas antes de tomar una decisión | C2: N1 | D2: Fundamento interno que sostiene la conducta social. | E2: false | F2: Cognitiva | G2: Comprensión de problemas sociales. | H2: Medio | I2: Antes de tomar una decisión importante, trato de escuchar o considerar diferentes puntos de vista. | J2: Tomo decisiones sin escuchar a nadie más. | K2: Rara vez considero lo que otras personas piensan. | L2: A veces escucho opiniones, pero no siempre las tengo en cuenta. | M2: Generalmente considero otros puntos de vista antes de decidir. | N2: Siempre analizo distintas perspectivas antes de tomar una decisión. | O2: Hábito | P2: Nunca | Q2: Casi nunca | R2: A veces | S2: Casi siempre | T2: Siempre | U2: Esta reformulación traslada el análisis de perspectivas a un contexto social y cotidiano, evaluando el hábito de considerar opiniones externas antes de actuar. Esto permite medir apertura cognitiva y disposición a tomar decisiones más conscientes dentro de un entorno colectivo. | W2: ="{"&_xlfn.TEXTJOIN(",",TRUE, """"&_xlfn.TEXTJOIN(""":",TRUE,A$1,A2), """"&_xlfn.TEXTJOIN(""":""",TRUE,B$1,B2)&"""", """"&_xlfn.TEXTJOIN(""":""",TRUE,C$1,C2)&"""", """"&_xlfn.TEXTJOIN(""":""",TRUE,D$1,D2)&"""", """"&_xlfn.TEXTJOIN(""":",TRUE,E$1,E2), """"&_xlfn.TEXTJOIN(""":""",TRUE,F$1,F2)&"""", """"&_xlfn.TEXTJOIN(""":""",TRUE,G$1,G2)&"""", """"&_xlfn.TEXTJOIN(""":""",TRUE,H$1,H2)&"""", """"&_xlfn.TEXTJOIN(""":""",TRUE,I$1,I2)&"""", """"&_xlfn.TEXTJOIN(""":""",TRUE,J$1,J2)&"""", """"&_xlfn.TEXTJOIN(""":""",TRUE,K$1,K2)&"""", """"&_xlfn.TEXTJOIN(""":""",TRUE,L$1,L2)&"""", """"&_xlfn.TEXTJOIN(""":""",TRUE,M$1,M2)&"""", """"&_xlfn.TEXTJOIN(""":""",TRUE,N$1,N2)&"""", """"&_xlfn.TEXTJOIN(""":""",TRUE,O$1,O2)&"""", """"&_xlfn.TEXTJOIN(""":""",TRUE,P$1,P2)&"""", """"&_xlfn.TEXTJOIN(""":""",TRUE,Q$1,Q2)&"""", """"&_xlfn.TEXTJOIN(""":""",TRUE,R$1,R2)&"""", """"&_xlfn.TEXTJOIN(""":""",TRUE,S$1,S2)&"""", """"&_xlfn.TEXTJOIN(""":""",TRUE,T$1,T2)&"""", """"&_xlfn.TEXTJOIN(""":""",TRUE,U$1,U2)&"""" )&"}," -> {"Item":1,"Pregunta_I":" Analizo diferentes perspectivas antes de tomar una decisión","Nivel":"N1","CriterioN":"Fundamento interno que sostiene la conducta social.","P_Invertida":false,"Conciencia":"Cognitiva","CriterioC":"Comprensión de problemas sociales.","Impacto":"Medio","Pregunta":"Antes de tomar una decisión importante, trato de escuchar o considerar diferentes puntos de vista.","R1":"Tomo decisiones sin escuchar a nadie más.","R2":"Rara vez considero lo que otras personas piensan.","R3":"A veces escucho opiniones, pero no siempre las tengo en cuenta.","R4":"Generalmente considero otros puntos de vista antes de decidir.","R5":"Siempre analizo distintas perspectivas antes de tomar una decisión.","Tipo de Respuesta":"Hábito","T1":"Nunca","T2":"Casi nunca","T3":"A veces","T4":"Casi siempre","T5":"Siempre","Explicación":"Esta reformulación traslada el análisis de perspectivas a un contexto social y cotidiano, evaluando el hábito de considerar opiniones externas antes de actuar. Esto permite medir apertura cognitiva y disposición a tomar decisiones más conscientes dentro de un entorno colectivo."},
A3: 2 | B3: Cuestiono la información antes de aceptarla como verdadera | C3: N1 | D3: Fundamento interno que sostiene la conducta social. | E3: false | F3: Cognitiva | G3: Comprensión de problemas sociales. | H3: Medio | I3: Cuando escucho o leo algo nuevo, suelo verificar si es cierto antes de creerlo o compartirlo. | J3: Creo lo que escucho y lo comparto sin verificarlo. | K3: Casi nunca verifico la información antes de aceptarla. | L3: A veces verifico, dependiendo del tema o la fuente. | M3: Generalmente confirmo si la información es verdadera antes de creerla. | N3: Siempre confirmo que la información sea verdadera | O3: Hábito | P3: Nunca | Q3: Casi nunca | R3: A veces | S3: Casi siempre | T3: Siempre | U3: La pregunta mide el hábito de pensamiento crítico aplicado al entorno social, especialmente frente a información compartida por otros. Evaluar este comportamiento es relevante porque influye en la forma en que el individuo procesa rumores, noticias o creencias sociales antes de reproducirlas. | W3: ="{"&_xlfn.TEXTJOIN(",",TRUE, """"&_xlfn.TEXTJOIN(""":",TRUE,A$1,A3), """"&_xlfn.TEXTJOIN(""":""",TRUE,B$1,B3)&"""", """"&_xlfn.TEXTJOIN(""":""",TRUE,C$1,C3)&"""", """"&_xlfn.TEXTJOIN(""":""",TRUE,D$1,D3)&"""", """"&_xlfn.TEXTJOIN(""":",TRUE,E$1,E3), """"&_xlfn.TEXTJOIN(""":""",TRUE,F$1,F3)&"""", """"&_xlfn.TEXTJOIN(""":""",TRUE,G$1,G3)&"""", """"&_xlfn.TEXTJOIN(""":""",TRUE,H$1,H3)&"""", """"&_xlfn.TEXTJOIN(""":""",TRUE,I$1,I3)&"""", """"&_xlfn.TEXTJOIN(""":""",TRUE,J$1,J3)&"""", """"&_xlfn.TEXTJOIN(""":""",TRUE,K$1,K3)&"""", """"&_xlfn.TEXTJOIN(""":""",TRUE,L$1,L3)&"""", """"&_xlfn.TEXTJOIN(""":""",TRUE,M$1,M3)&"""", """"&_xlfn.TEXTJOIN(""":""",TRUE,N$1,N3)&"""", """"&_xlfn.TEXTJOIN(""":""",TRUE,O$1,O3)&"""", """"&_xlfn.TEXTJOIN(""":""",TRUE,P$1,P3)&"""", """"&_xlfn.TEXTJOIN(""":""",TRUE,Q$1,Q3)&"""", """"&_xlfn.TEXTJOIN(""":""",TRUE,R$1,R3)&"""", """"&_xlfn.TEXTJOIN(""":""",TRUE,S$1,S3)&"""", """"&_xlfn.TEXTJOIN(""":""",TRUE,T$1,T3)&"""", """"&_xlfn.TEXTJOIN(""":""",TRUE,U$1,U3)&"""" )&"}," -> {"Item":2,"Pregunta_I":" Cuestiono la información antes de aceptarla como verdadera","Nivel":"N1","CriterioN":"Fundamento interno que sostiene la conducta social.","P_Invertida":false,"Conciencia":"Cognitiva","CriterioC":"Comprensión de problemas sociales.","Impacto":"Medio","Pregunta":"Cuando escucho o leo algo nuevo, suelo verificar si es cierto antes de creerlo o compartirlo.","R1":"Creo lo que escucho y lo comparto sin verificarlo.","R2":"Casi nunca verifico la información antes de aceptarla.","R3":"A veces verifico, dependiendo del tema o la fuente.","R4":"Generalmente confirmo si la información es verdadera antes de creerla.","R5":"Siempre confirmo que la información sea verdadera","Tipo de Respuesta":"Hábito","T1":"Nunca","T2":"Casi nunca","T3":"A veces","T4":"Casi siempre","T5":"Siempre","Explicación":"La pregunta mide el hábito de pensamiento crítico aplicado al entorno social, especialmente frente a información compartida por otros. Evaluar este comportamiento es relevante porque influye en la forma en que el individuo procesa rumores, noticias o creencias sociales antes de reproducirlas."},
A4: 3 | B4: Reflexiono sobre mis propios pensamientos | C4: N1 | D4: Fundamento interno que sostiene la conducta social. | E4: false | F4: Cognitiva | G4: Comprensión de problemas sociales. | H4: Medio | I4: Cuando ocurre un problema o malentendido con otras personas, suelo pensar antes de reaccionar o responder. | J4: Reacciono de inmediato sin pensar. | K4: Casi siempre respondo impulsivamente. | L4: A veces me detengo a pensar, pero no siempre. | M4: Generalmente pienso antes de responder. | N4: Siempre reflexiono con calma antes de responder o actuar. | O4: Conducta | P4: Nunca | Q4: Casi nunca | R4: A veces | S4: Casi siempre | T4: Siempre | U4: Esta formulación sitúa la reflexión interna dentro de un conflicto interpersonal, permitiendo medir la capacidad de autocontrol cognitivo antes de responder socialmente. Se evalúa qué tan fácil es para el individuo detenerse, analizar y responder con conciencia en interacción con otros. | W4: ="{"&_xlfn.TEXTJOIN(",",TRUE, """"&_xlfn.TEXTJOIN(""":",TRUE,A$1,A4), """"&_xlfn.TEXTJOIN(""":""",TRUE,B$1,B4)&"""", """"&_xlfn.TEXTJOIN(""":""",TRUE,C$1,C4)&"""", """"&_xlfn.TEXTJOIN(""":""",TRUE,D$1,D4)&"""", """"&_xlfn.TEXTJOIN(""":",TRUE,E$1,E4), """"&_xlfn.TEXTJOIN(""":""",TRUE,F$1,F4)&"""", """"&_xlfn.TEXTJOIN(""":""",TRUE,G$1,G4)&"""", """"&_xlfn.TEXTJOIN(""":""",TRUE,H$1,H4)&"""", """"&_xlfn.TEXTJOIN(""":""",TRUE,I$1,I4)&"""", """"&_xlfn.TEXTJOIN(""":""",TRUE,J$1,J4)&"""", """"&_xlfn.TEXTJOIN(""":""",TRUE,K$1,K4)&"""", """"&_xlfn.TEXTJOIN(""":""",TRUE,L$1,L4)&"""", """"&_xlfn.TEXTJOIN(""":""",TRUE,M$1,M4)&"""", """"&_xlfn.TEXTJOIN(""":""",TRUE,N$1,N4)&"""", """"&_xlfn.TEXTJOIN(""":""",TRUE,O$1,O4)&"""", """"&_xlfn.TEXTJOIN(""":""",TRUE,P$1,P4)&"""", """"&_xlfn.TEXTJOIN(""":""",TRUE,Q$1,Q4)&"""", """"&_xlfn.TEXTJOIN(""":""",TRUE,R$1,R4)&"""", """"&_xlfn.TEXTJOIN(""":""",TRUE,S$1,S4)&"""", """"&_xlfn.TEXTJOIN(""":""",TRUE,T$1,T4)&"""", """"&_xlfn.TEXTJOIN(""":""",TRUE,U$1,U4)&"""" )&"}," -> {"Item":3,"Pregunta_I":" Reflexiono sobre mis propios pensamientos","Nivel":"N1","CriterioN":"Fundamento interno que sostiene la conducta social.","P_Invertida":false,"Conciencia":"Cognitiva","CriterioC":"Comprensión de problemas sociales.","Impacto":"Medio","Pregunta":"Cuando ocurre un problema o malentendido con otras personas, suelo pensar antes de reaccionar o responder.","R1":"Reacciono de inmediato sin pensar.","R2":"Casi siempre respondo impulsivamente.","R3":"A veces me detengo a pensar, pero no siempre.","R4":"Generalmente pienso antes de responder.","R5":"Siempre reflexiono con calma antes de responder o actuar.","Tipo de Respuesta":"Conducta","T1":"Nunca","T2":"Casi nunca","T3":"A veces","T4":"Casi siempre","T5":"Siempre","Explicación":"Esta formulación sitúa la reflexión interna dentro de un conflicto interpersonal, permitiendo medir la capacidad de autocontrol cognitivo antes de responder socialmente. Se evalúa qué tan fácil es para el individuo detenerse, analizar y responder con conciencia en interacción con otros."},
A5: 4 | B5: Identifico errores en mi razonamiento | C5: N1 | D5: Fundamento interno que sostiene la conducta social. | E5: false | F5: Cognitiva | G5: Comprensión de problemas sociales. | H5: Medio | I5: Cuando discuto o intercambio ideas con otras personas, soy capaz de reconocer si estoy equivocado. | J5: Defiendo mi punto de vista sin importar lo que digan los demás. | K5: Me cuesta aceptar que estoy equivocado. | L5: A veces lo reconozco, pero depende de la situación. | M5: Escucho a los demás y en ocasiones reconozco mis errores. | N5: Siempre reconozco mis errores y ajusto mi forma de pensar. | O5: Capacidad | P5: Muy difícil | Q5: Dificil | R5: Neutro | S5: Facil | T5: Muy fácil | U5: Esta formulación sitúa la reflexión interna dentro de un conflicto interpersonal, permitiendo medir la capacidad de autocontrol cognitivo antes de responder socialmente. Se evalúa qué tan fácil es para el individuo detenerse, analizar y responder con conciencia en interacción con otros. | W5: ="{"&_xlfn.TEXTJOIN(",",TRUE, """"&_xlfn.TEXTJOIN(""":",TRUE,A$1,A5), """"&_xlfn.TEXTJOIN(""":""",TRUE,B$1,B5)&"""", """"&_xlfn.TEXTJOIN(""":""",TRUE,C$1,C5)&"""", """"&_xlfn.TEXTJOIN(""":""",TRUE,D$1,D5)&"""", """"&_xlfn.TEXTJOIN(""":",TRUE,E$1,E5), """"&_xlfn.TEXTJOIN(""":""",TRUE,F$1,F5)&"""", """"&_xlfn.TEXTJOIN(""":""",TRUE,G$1,G5)&"""", """"&_xlfn.TEXTJOIN(""":""",TRUE,H$1,H5)&"""", """"&_xlfn.TEXTJOIN(""":""",TRUE,I$1,I5)&"""", """"&_xlfn.TEXTJOIN(""":""",TRUE,J$1,J5)&"""", """"&_xlfn.TEXTJOIN(""":""",TRUE,K$1,K5)&"""", """"&_xlfn.TEXTJOIN(""":""",TRUE,L$1,L5)&"""", """"&_xlfn.TEXTJOIN(""":""",TRUE,M$1,M5)&"""", """"&_xlfn.TEXTJOIN(""":""",TRUE,N$1,N5)&"""", """"&_xlfn.TEXTJOIN(""":""",TRUE,O$1,O5)&"""", """"&_xlfn.TEXTJOIN(""":""",TRUE,P$1,P5)&"""", """"&_xlfn.TEXTJOIN(""":""",TRUE,Q$1,Q5)&"""", """"&_xlfn.TEXTJOIN(""":""",TRUE,R$1,R5)&"""", """"&_xlfn.TEXTJOIN(""":""",TRUE,S$1,S5)&"""", """"&_xlfn.TEXTJOIN(""":""",TRUE,T$1,T5)&"""", """"&_xlfn.TEXTJOIN(""":""",TRUE,U$1,U5)&"""" )&"}," -> {"Item":4,"Pregunta_I":" Identifico errores en mi razonamiento","Nivel":"N1","CriterioN":"Fundamento interno que sostiene la conducta social.","P_Invertida":false,"Conciencia":"Cognitiva","CriterioC":"Comprensión de problemas sociales.","Impacto":"Medio","Pregunta":"Cuando discuto o intercambio ideas con otras personas, soy capaz de reconocer si estoy equivocado.","R1":"Defiendo mi punto de vista sin importar lo que digan los demás.","R2":"Me cuesta aceptar que estoy equivocado.","R3":"A veces lo reconozco, pero depende de la situación.","R4":"Escucho a los demás y en ocasiones reconozco mis errores.","R5":"Siempre reconozco mis errores y ajusto mi forma de pensar.","Tipo de Respuesta":"Capacidad","T1":"Muy difícil","T2":"Dificil","T3":"Neutro","T4":"Facil","T5":"Muy fácil","Explicación":"Esta formulación sitúa la reflexión interna dentro de un conflicto interpersonal, permitiendo medir la capacidad de autocontrol cognitivo antes de responder socialmente. Se evalúa qué tan fácil es para el individuo detenerse, analizar y responder con conciencia en interacción con otros."},
A6: 5 | B6: Busco coherencia lógica en lo que pienso | C6: N1 | D6: Fundamento interno que sostiene la conducta social. | E6: false | F6: Cognitiva | G6: Comprensión de problemas sociales. | H6: Medio | I6: Cuando hablo o doy mi opinión frente a otras personas, trato de que mis ideas tengan sentido y sean claras. | J6: Digo lo que pienso sin preocuparme si tiene coherencia. | K6: Intento ser claro, pero casi siempre me contradigo o me enredo. | L6: A veces logro explicar mis ideas con sentido, pero otras veces no. | M6: Generalmente expreso mis ideas de forma lógica y clara. | N6: Siempre procuro que lo que digo sea coherente y fácil de entender. | O6: Capacidad | P6: Muy difícil | Q6: Dificil | R6: Neutro | S6: Facil | T6: Muy fácil | U6: Esta reformulación mide la capacidad de mantener coherencia lógica al comunicarse con otros, lo cual impacta directamente en la claridad del pensamiento y la interacción social. Permite evaluar si el individuo organiza sus argumentos antes de expresarse dentro de un entorno colectivo. | W6: ="{"&_xlfn.TEXTJOIN(",",TRUE, """"&_xlfn.TEXTJOIN(""":",TRUE,A$1,A6), """"&_xlfn.TEXTJOIN(""":""",TRUE,B$1,B6)&"""", """"&_xlfn.TEXTJOIN(""":""",TRUE,C$1,C6)&"""", """"&_xlfn.TEXTJOIN(""":""",TRUE,D$1,D6)&"""", """"&_xlfn.TEXTJOIN(""":",TRUE,E$1,E6), """"&_xlfn.TEXTJOIN(""":""",TRUE,F$1,F6)&"""", """"&_xlfn.TEXTJOIN(""":""",TRUE,G$1,G6)&"""", """"&_xlfn.TEXTJOIN(""":""",TRUE,H$1,H6)&"""", """"&_xlfn.TEXTJOIN(""":""",TRUE,I$1,I6)&"""", """"&_xlfn.TEXTJOIN(""":""",TRUE,J$1,J6)&"""", """"&_xlfn.TEXTJOIN(""":""",TRUE,K$1,K6)&"""", """"&_xlfn.TEXTJOIN(""":""",TRUE,L$1,L6)&"""", """"&_xlfn.TEXTJOIN(""":""",TRUE,M$1,M6)&"""", """"&_xlfn.TEXTJOIN(""":""",TRUE,N$1,N6)&"""", """"&_xlfn.TEXTJOIN(""":""",TRUE,O$1,O6)&"""", """"&_xlfn.TEXTJOIN(""":""",TRUE,P$1,P6)&"""", """"&_xlfn.TEXTJOIN(""":""",TRUE,Q$1,Q6)&"""", """"&_xlfn.TEXTJOIN(""":""",TRUE,R$1,R6)&"""", """"&_xlfn.TEXTJOIN(""":""",TRUE,S$1,S6)&"""", """"&_xlfn.TEXTJOIN(""":""",TRUE,T$1,T6)&"""", """"&_xlfn.TEXTJOIN(""":""",TRUE,U$1,U6)&"""" )&"}," -> {"Item":5,"Pregunta_I":" Busco coherencia lógica en lo que pienso","Nivel":"N1","CriterioN":"Fundamento interno que sostiene la conducta social.","P_Invertida":false,"Conciencia":"Cognitiva","CriterioC":"Comprensión de problemas sociales.","Impacto":"Medio","Pregunta":"Cuando hablo o doy mi opinión frente a otras personas, trato de que mis ideas tengan sentido y sean claras.","R1":"Digo lo que pienso sin preocuparme si tiene coherencia.","R2":"Intento ser claro, pero casi siempre me contradigo o me enredo.","R3":"A veces logro explicar mis ideas con sentido, pero otras veces no.","R4":"Generalmente expreso mis ideas de forma lógica y clara.","R5":"Siempre procuro que lo que digo sea coherente y fácil de entender.","Tipo de Respuesta":"Capacidad","T1":"Muy difícil","T2":"Dificil","T3":"Neutro","T4":"Facil","T5":"Muy fácil","Explicación":"Esta reformulación mide la capacidad de mantener coherencia lógica al comunicarse con otros, lo cual impacta directamente en la claridad del pensamiento y la interacción social. Permite evaluar si el individuo organiza sus argumentos antes de expresarse dentro de un entorno colectivo."},
A7: 6 | B7: Cambio de opinión cuando la evidencia lo justifica | C7: N1 | D7: Fundamento interno que sostiene la conducta social. | E7: false | F7: Cognitiva | G7: Comprensión de problemas sociales. | H7: Medio | I7: Si alguien me demuestra con argumentos o hechos que estoy equivocado, puedo cambiar mi opinión sin problema. | J7: Mantengo mi opinión aunque me demuestren lo contrario. | K7: Me cuesta mucho cambiar de opinión, incluso con pruebas. | L7: A veces cambio de opinión, pero depende de quién lo diga. | M7: Casi siempre acepto argumentos y ajusto mi opinión. | N7: Siempre cambio mi opinión cuando la evidencia lo demuestra. | O7: Acuerdo | P7: Totalmente en desacuerdo | Q7: En desacuerdo | R7: Ni de acuerdo ni en desacuerdo | S7: De acuerdo | T7: Totalmente de acuerdo | U7: La pregunta evalúa el nivel de acuerdo con la capacidad de ajustar creencias cuando existen argumentos sólidos. Esto permite medir apertura cognitiva y disposición al cambio racional, habilidades esenciales para la toma de decisiones responsables dentro de dinámicas sociales. | W7: ="{"&_xlfn.TEXTJOIN(",",TRUE, """"&_xlfn.TEXTJOIN(""":",TRUE,A$1,A7), """"&_xlfn.TEXTJOIN(""":""",TRUE,B$1,B7)&"""", """"&_xlfn.TEXTJOIN(""":""",TRUE,C$1,C7)&"""", """"&_xlfn.TEXTJOIN(""":""",TRUE,D$1,D7)&"""", """"&_xlfn.TEXTJOIN(""":",TRUE,E$1,E7), """"&_xlfn.TEXTJOIN(""":""",TRUE,F$1,F7)&"""", """"&_xlfn.TEXTJOIN(""":""",TRUE,G$1,G7)&"""", """"&_xlfn.TEXTJOIN(""":""",TRUE,H$1,H7)&"""", """"&_xlfn.TEXTJOIN(""":""",TRUE,I$1,I7)&"""", """"&_xlfn.TEXTJOIN(""":""",TRUE,J$1,J7)&"""", """"&_xlfn.TEXTJOIN(""":""",TRUE,K$1,K7)&"""", """"&_xlfn.TEXTJOIN(""":""",TRUE,L$1,L7)&"""", """"&_xlfn.TEXTJOIN(""":""",TRUE,M$1,M7)&"""", """"&_xlfn.TEXTJOIN(""":""",TRUE,N$1,N7)&"""", """"&_xlfn.TEXTJOIN(""":""",TRUE,O$1,O7)&"""", """"&_xlfn.TEXTJOIN(""":""",TRUE,P$1,P7)&"""", """"&_xlfn.TEXTJOIN(""":""",TRUE,Q$1,Q7)&"""", """"&_xlfn.TEXTJOIN(""":""",TRUE,R$1,R7)&"""", """"&_xlfn.TEXTJOIN(""":""",TRUE,S$1,S7)&"""", """"&_xlfn.TEXTJOIN(""":""",TRUE,T$1,T7)&"""", """"&_xlfn.TEXTJOIN(""":""",TRUE,U$1,U7)&"""" )&"}," -> {"Item":6,"Pregunta_I":" Cambio de opinión cuando la evidencia lo justifica","Nivel":"N1","CriterioN":"Fundamento interno que sostiene la conducta social.","P_Invertida":false,"Conciencia":"Cognitiva","CriterioC":"Comprensión de problemas sociales.","Impacto":"Medio","Pregunta":"Si alguien me demuestra con argumentos o hechos que estoy equivocado, puedo cambiar mi opinión sin problema.","R1":"Mantengo mi opinión aunque me demuestren lo contrario.","R2":"Me cuesta mucho cambiar de opinión, incluso con pruebas.","R3":"A veces cambio de opinión, pero depende de quién lo diga.","R4":"Casi siempre acepto argumentos y ajusto mi opinión.","R5":"Siempre cambio mi opinión cuando la evidencia lo demuestra.","Tipo de Respuesta":"Acuerdo","T1":"Totalmente en desacuerdo","T2":"En desacuerdo","T3":"Ni de acuerdo ni en desacuerdo","T4":"De acuerdo","T5":"Totalmente de acuerdo","Explicación":"La pregunta evalúa el nivel de acuerdo con la capacidad de ajustar creencias cuando existen argumentos sólidos. Esto permite medir apertura cognitiva y disposición al cambio racional, habilidades esenciales para la toma de decisiones responsables dentro de dinámicas sociales."},
A8: 7 | B8: Me dejo llevar por ideas sin analizarlas | C8: N1 | D8: Fundamento interno que sostiene la conducta social. | E8: true | F8: Cognitiva | G8: Comprensión de problemas sociales. | H8: Medio | I8: Sigo opiniones o tendencias solo porque muchas personas las apoyan, sin analizar si realmente tienen sentido. | J8: Casi siempre acepto lo que la mayoría dice sin cuestionarlo. | K8: Muchas veces me dejo llevar por lo que otros piensan. | L8: Depende del tema: a veces lo cuestiono y a veces no. | M8: Generalmente analizo antes de aceptar una idea. | N8: Siempre cuestiono y analizo antes de aceptar una idea. | O8: Hábito | P8: Nunca | Q8: Casi nunca | R8: A veces | S8: Casi siempre | T8: Siempre | U8: Esta pregunta analiza el hábito de aceptar tendencias sociales sin reflexión crítica, midiendo influencia social y autonomía cognitiva. Es útil para identificar qué tan frecuentemente el individuo adopta ideas colectivas sin cuestionar su coherencia o impacto. | W8: ="{"&_xlfn.TEXTJOIN(",",TRUE, """"&_xlfn.TEXTJOIN(""":",TRUE,A$1,A8), """"&_xlfn.TEXTJOIN(""":""",TRUE,B$1,B8)&"""", """"&_xlfn.TEXTJOIN(""":""",TRUE,C$1,C8)&"""", """"&_xlfn.TEXTJOIN(""":""",TRUE,D$1,D8)&"""", """"&_xlfn.TEXTJOIN(""":",TRUE,E$1,E8), """"&_xlfn.TEXTJOIN(""":""",TRUE,F$1,F8)&"""", """"&_xlfn.TEXTJOIN(""":""",TRUE,G$1,G8)&"""", """"&_xlfn.TEXTJOIN(""":""",TRUE,H$1,H8)&"""", """"&_xlfn.TEXTJOIN(""":""",TRUE,I$1,I8)&"""", """"&_xlfn.TEXTJOIN(""":""",TRUE,J$1,J8)&"""", """"&_xlfn.TEXTJOIN(""":""",TRUE,K$1,K8)&"""", """"&_xlfn.TEXTJOIN(""":""",TRUE,L$1,L8)&"""", """"&_xlfn.TEXTJOIN(""":""",TRUE,M$1,M8)&"""", """"&_xlfn.TEXTJOIN(""":""",TRUE,N$1,N8)&"""", """"&_xlfn.TEXTJOIN(""":""",TRUE,O$1,O8)&"""", """"&_xlfn.TEXTJOIN(""":""",TRUE,P$1,P8)&"""", """"&_xlfn.TEXTJOIN(""":""",TRUE,Q$1,Q8)&"""", """"&_xlfn.TEXTJOIN(""":""",TRUE,R$1,R8)&"""", """"&_xlfn.TEXTJOIN(""":""",TRUE,S$1,S8)&"""", """"&_xlfn.TEXTJOIN(""":""",TRUE,T$1,T8)&"""", """"&_xlfn.TEXTJOIN(""":""",TRUE,U$1,U8)&"""" )&"}," -> {"Item":7,"Pregunta_I":" Me dejo llevar por ideas sin analizarlas","Nivel":"N1","CriterioN":"Fundamento interno que sostiene la conducta social.","P_Invertida":true,"Conciencia":"Cognitiva","CriterioC":"Comprensión de problemas sociales.","Impacto":"Medio","Pregunta":"Sigo opiniones o tendencias solo porque muchas personas las apoyan, sin analizar si realmente tienen sentido.","R1":"Casi siempre acepto lo que la mayoría dice sin cuestionarlo.","R2":"Muchas veces me dejo llevar por lo que otros piensan.","R3":"Depende del tema: a veces lo cuestiono y a veces no.","R4":"Generalmente analizo antes de aceptar una idea.","R5":"Siempre cuestiono y analizo antes de aceptar una idea.","Tipo de Respuesta":"Hábito","T1":"Nunca","T2":"Casi nunca","T3":"A veces","T4":"Casi siempre","T5":"Siempre","Explicación":"Esta pregunta analiza el hábito de aceptar tendencias sociales sin reflexión crítica, midiendo influencia social y autonomía cognitiva. Es útil para identificar qué tan frecuentemente el individuo adopta ideas colectivas sin cuestionar su coherencia o impacto."},
A9: 8 | B9: Evalúo consecuencias antes de actuar | C9: N1 | D9: Fundamento interno que sostiene la conducta social. | E9: false | F9: Cognitiva | G9: Comprensión de problemas sociales. | H9: Medio | I9: Antes de actuar o decir algo frente a otras personas, pienso en cómo podría afectar la situación o a los demás. | J9: Actúo sin pensar en las consecuencias. | K9: Rara vez considero cómo puede afectar a otros. | L9: A veces lo pienso, pero no siempre. | M9: Casi siempre analizo las consecuencias antes de actuar. | N9: Siempre evalúo cómo mis acciones pueden impactar a los demás. | O9: Capacidad | P9: Muy difícil | Q9: Dificil | R9: Neutro | S9: Facil | T9: Muy fácil | U9: La pregunta mide la capacidad de anticipar consecuencias sociales antes de actuar o hablar, evaluando pensamiento preventivo y responsabilidad cognitiva. Las respuestas permiten identificar si la persona regula su conducta considerando el efecto que genera en otros. | W9: ="{"&_xlfn.TEXTJOIN(",",TRUE, """"&_xlfn.TEXTJOIN(""":",TRUE,A$1,A9), """"&_xlfn.TEXTJOIN(""":""",TRUE,B$1,B9)&"""", """"&_xlfn.TEXTJOIN(""":""",TRUE,C$1,C9)&"""", """"&_xlfn.TEXTJOIN(""":""",TRUE,D$1,D9)&"""", """"&_xlfn.TEXTJOIN(""":",TRUE,E$1,E9), """"&_xlfn.TEXTJOIN(""":""",TRUE,F$1,F9)&"""", """"&_xlfn.TEXTJOIN(""":""",TRUE,G$1,G9)&"""", """"&_xlfn.TEXTJOIN(""":""",TRUE,H$1,H9)&"""", """"&_xlfn.TEXTJOIN(""":""",TRUE,I$1,I9)&"""", """"&_xlfn.TEXTJOIN(""":""",TRUE,J$1,J9)&"""", """"&_xlfn.TEXTJOIN(""":""",TRUE,K$1,K9)&"""", """"&_xlfn.TEXTJOIN(""":""",TRUE,L$1,L9)&"""", """"&_xlfn.TEXTJOIN(""":""",TRUE,M$1,M9)&"""", """"&_xlfn.TEXTJOIN(""":""",TRUE,N$1,N9)&"""", """"&_xlfn.TEXTJOIN(""":""",TRUE,O$1,O9)&"""", """"&_xlfn.TEXTJOIN(""":""",TRUE,P$1,P9)&"""", """"&_xlfn.TEXTJOIN(""":""",TRUE,Q$1,Q9)&"""", """"&_xlfn.TEXTJOIN(""":""",TRUE,R$1,R9)&"""", """"&_xlfn.TEXTJOIN(""":""",TRUE,S$1,S9)&"""", """"&_xlfn.TEXTJOIN(""":""",TRUE,T$1,T9)&"""", """"&_xlfn.TEXTJOIN(""":""",TRUE,U$1,U9)&"""" )&"}," -> {"Item":8,"Pregunta_I":" Evalúo consecuencias antes de actuar","Nivel":"N1","CriterioN":"Fundamento interno que sostiene la conducta social.","P_Invertida":false,"Conciencia":"Cognitiva","CriterioC":"Comprensión de problemas sociales.","Impacto":"Medio","Pregunta":"Antes de actuar o decir algo frente a otras personas, pienso en cómo podría afectar la situación o a los demás.","R1":"Actúo sin pensar en las consecuencias.","R2":"Rara vez considero cómo puede afectar a otros.","R3":"A veces lo pienso, pero no siempre.","R4":"Casi siempre analizo las consecuencias antes de actuar.","R5":"Siempre evalúo cómo mis acciones pueden impactar a los demás.","Tipo de Respuesta":"Capacidad","T1":"Muy difícil","T2":"Dificil","T3":"Neutro","T4":"Facil","T5":"Muy fácil","Explicación":"La pregunta mide la capacidad de anticipar consecuencias sociales antes de actuar o hablar, evaluando pensamiento preventivo y responsabilidad cognitiva. Las respuestas permiten identificar si la persona regula su conducta considerando el efecto que genera en otros."},
A10: 9 | B10: Organizo mentalmente la información compleja | C10: N1 | D10: Fundamento interno que sostiene la conducta social. | E10: false | F10: Cognitiva | G10: Comprensión de problemas sociales. | H10: Medio | I10: Cuando escucho varios puntos de vista o información diferente en una conversación, logro organizar mis ideas para entender la situación. | J10: Me confundo fácilmente y no logro entender lo que pasa. | K10: Me cuesta mucho organizar la información cuando hay muchas opiniones. | L10: A veces lo logro, pero depende del tema. | M10: Generalmente puedo ordenar mis ideas y comprender la situación. | N10: Siempre organizo bien la información y entiendo con claridad lo que ocurre. | O10: Capacidad | P10: Muy difícil | Q10: Dificil | R10: Neutro | S10: Facil | T10: Muy fácil | U10: Esta formulación evalúa la capacidad de procesar múltiples perspectivas en una conversación, midiendo organización mental y comprensión situacional. Es importante porque refleja cómo el individuo estructura información social compleja para actuar con claridad y criterio. | W10: ="{"&_xlfn.TEXTJOIN(",",TRUE, """"&_xlfn.TEXTJOIN(""":",TRUE,A$1,A10), """"&_xlfn.TEXTJOIN(""":""",TRUE,B$1,B10)&"""", """"&_xlfn.TEXTJOIN(""":""",TRUE,C$1,C10)&"""", """"&_xlfn.TEXTJOIN(""":""",TRUE,D$1,D10)&"""", """"&_xlfn.TEXTJOIN(""":",TRUE,E$1,E10), """"&_xlfn.TEXTJOIN(""":""",TRUE,F$1,F10)&"""", """"&_xlfn.TEXTJOIN(""":""",TRUE,G$1,G10)&"""", """"&_xlfn.TEXTJOIN(""":""",TRUE,H$1,H10)&"""", """"&_xlfn.TEXTJOIN(""":""",TRUE,I$1,I10)&"""", """"&_xlfn.TEXTJOIN(""":""",TRUE,J$1,J10)&"""", """"&_xlfn.TEXTJOIN(""":""",TRUE,K$1,K10)&"""", """"&_xlfn.TEXTJOIN(""":""",TRUE,L$1,L10)&"""", """"&_xlfn.TEXTJOIN(""":""",TRUE,M$1,M10)&"""", """"&_xlfn.TEXTJOIN(""":""",TRUE,N$1,N10)&"""", """"&_xlfn.TEXTJOIN(""":""",TRUE,O$1,O10)&"""", """"&_xlfn.TEXTJOIN(""":""",TRUE,P$1,P10)&"""", """"&_xlfn.TEXTJOIN(""":""",TRUE,Q$1,Q10)&"""", """"&_xlfn.TEXTJOIN(""":""",TRUE,R$1,R10)&"""", """"&_xlfn.TEXTJOIN(""":""",TRUE,S$1,S10)&"""", """"&_xlfn.TEXTJOIN(""":""",TRUE,T$1,T10)&"""", """"&_xlfn.TEXTJOIN(""":""",TRUE,U$1,U10)&"""" )&"}," -> {"Item":9,"Pregunta_I":" Organizo mentalmente la información compleja","Nivel":"N1","CriterioN":"Fundamento interno que sostiene la conducta social.","P_Invertida":false,"Conciencia":"Cognitiva","CriterioC":"Comprensión de problemas sociales.","Impacto":"Medio","Pregunta":"Cuando escucho varios puntos de vista o información diferente en una conversación, logro organizar mis ideas para entender la situación.","R1":"Me confundo fácilmente y no logro entender lo que pasa.","R2":"Me cuesta mucho organizar la información cuando hay muchas opiniones.","R3":"A veces lo logro, pero depende del tema.","R4":"Generalmente puedo ordenar mis ideas y comprender la situación.","R5":"Siempre organizo bien la información y entiendo con claridad lo que ocurre.","Tipo de Respuesta":"Capacidad","T1":"Muy difícil","T2":"Dificil","T3":"Neutro","T4":"Facil","T5":"Muy fácil","Explicación":"Esta formulación evalúa la capacidad de procesar múltiples perspectivas en una conversación, midiendo organización mental y comprensión situacional. Es importante porque refleja cómo el individuo estructura información social compleja para actuar con claridad y criterio."},
A11: 10 | B11: Me cuesta estructurar mis pensamientos | C11: N1 | D11: Fundamento interno que sostiene la conducta social. | E11: true | F11: Cognitiva | G11: Comprensión de problemas sociales. | H11: Medio | I11: Cuando debo explicar una idea o dar mi opinión frente a otras personas, me cuesta ordenar lo que quiero decir. | J11: Siempre expreso mis ideas de forma clara y ordenada. | K11: Generalmente logro organizar mis ideas al hablar. | L11: A veces me cuesta, dependiendo de la situación. | M11: Casi siempre me enredo al hablar o explicar algo. | N11: Siempre me cuesta expresarme y termino confundiendo a los demás. | O11: Capacidad | P11: Muy difícil | Q11: Dificil | R11: Neutro | S11: Facil | T11: Muy fácil | U11: La pregunta evalúa la dificultad para estructurar pensamientos al comunicarse socialmente, enfocándose en la claridad mental aplicada a la interacción con otros. Al ser una pregunta invertida, permite detectar limitaciones cognitivas en expresión y coherencia verbal en contextos colectivos. | W11: ="{"&_xlfn.TEXTJOIN(",",TRUE, """"&_xlfn.TEXTJOIN(""":",TRUE,A$1,A11), """"&_xlfn.TEXTJOIN(""":""",TRUE,B$1,B11)&"""", """"&_xlfn.TEXTJOIN(""":""",TRUE,C$1,C11)&"""", """"&_xlfn.TEXTJOIN(""":""",TRUE,D$1,D11)&"""", """"&_xlfn.TEXTJOIN(""":",TRUE,E$1,E11), """"&_xlfn.TEXTJOIN(""":""",TRUE,F$1,F11)&"""", """"&_xlfn.TEXTJOIN(""":""",TRUE,G$1,G11)&"""", """"&_xlfn.TEXTJOIN(""":""",TRUE,H$1,H11)&"""", """"&_xlfn.TEXTJOIN(""":""",TRUE,I$1,I11)&"""", """"&_xlfn.TEXTJOIN(""":""",TRUE,J$1,J11)&"""", """"&_xlfn.TEXTJOIN(""":""",TRUE,K$1,K11)&"""", """"&_xlfn.TEXTJOIN(""":""",TRUE,L$1,L11)&"""", """"&_xlfn.TEXTJOIN(""":""",TRUE,M$1,M11)&"""", """"&_xlfn.TEXTJOIN(""":""",TRUE,N$1,N11)&"""", """"&_xlfn.TEXTJOIN(""":""",TRUE,O$1,O11)&"""", """"&_xlfn.TEXTJOIN(""":""",TRUE,P$1,P11)&"""", """"&_xlfn.TEXTJOIN(""":""",TRUE,Q$1,Q11)&"""", """"&_xlfn.TEXTJOIN(""":""",TRUE,R$1,R11)&"""", """"&_xlfn.TEXTJOIN(""":""",TRUE,S$1,S11)&"""", """"&_xlfn.TEXTJOIN(""":""",TRUE,T$1,T11)&"""", """"&_xlfn.TEXTJOIN(""":""",TRUE,U$1,U11)&"""" )&"}," -> {"Item":10,"Pregunta_I":" Me cuesta estructurar mis pensamientos","Nivel":"N1","CriterioN":"Fundamento interno que sostiene la conducta social.","P_Invertida":true,"Conciencia":"Cognitiva","CriterioC":"Comprensión de problemas sociales.","Impacto":"Medio","Pregunta":"Cuando debo explicar una idea o dar mi opinión frente a otras personas, me cuesta ordenar lo que quiero decir.","R1":"Siempre expreso mis ideas de forma clara y ordenada.","R2":"Generalmente logro organizar mis ideas al hablar.","R3":"A veces me cuesta, dependiendo de la situación.","R4":"Casi siempre me enredo al hablar o explicar algo.","R5":"Siempre me cuesta expresarme y termino confundiendo a los demás.","Tipo de Respuesta":"Capacidad","T1":"Muy difícil","T2":"Dificil","T3":"Neutro","T4":"Facil","T5":"Muy fácil","Explicación":"La pregunta evalúa la dificultad para estructurar pensamientos al comunicarse socialmente, enfocándose en la claridad mental aplicada a la interacción con otros. Al ser una pregunta invertida, permite detectar limitaciones cognitivas en expresión y coherencia verbal en contextos colectivos."},
A12: 11 | B12: Identifico con claridad lo que siento | C12: N2 | D12: Procesamiento intermedio que regula y modula. | E12: false | F12: Emocional | G12: Sensibilidad hacia los demás. | H12: Medio | I12: En situaciones sociales, puedo identificar con claridad lo que estoy sintiendo. | J12: No logro identificar lo que siento y actúo sin entenderlo. | K12: Me cuesta reconocer lo que siento en el momento. | L12: A veces lo identifico, pero no siempre. | M12: Casi siempre sé qué emoción estoy sintiendo. | N12: Siempre identifico claramente lo que siento, incluso en situaciones difíciles. | O12: Capacidad | P12: Muy difícil | Q12: Dificil | R12: Neutro | S12: Facil | T12: Muy fácil | U12: Se adapta la pregunta al contexto social, manteniendo el objetivo de evaluar conciencia emocional interna. Las respuestas representan niveles de reconocimiento emocional que influyen en la forma en que el individuo responde ante otras personas. | W12: ="{"&_xlfn.TEXTJOIN(",",TRUE, """"&_xlfn.TEXTJOIN(""":",TRUE,A$1,A12), """"&_xlfn.TEXTJOIN(""":""",TRUE,B$1,B12)&"""", """"&_xlfn.TEXTJOIN(""":""",TRUE,C$1,C12)&"""", """"&_xlfn.TEXTJOIN(""":""",TRUE,D$1,D12)&"""", """"&_xlfn.TEXTJOIN(""":",TRUE,E$1,E12), """"&_xlfn.TEXTJOIN(""":""",TRUE,F$1,F12)&"""", """"&_xlfn.TEXTJOIN(""":""",TRUE,G$1,G12)&"""", """"&_xlfn.TEXTJOIN(""":""",TRUE,H$1,H12)&"""", """"&_xlfn.TEXTJOIN(""":""",TRUE,I$1,I12)&"""", """"&_xlfn.TEXTJOIN(""":""",TRUE,J$1,J12)&"""", """"&_xlfn.TEXTJOIN(""":""",TRUE,K$1,K12)&"""", """"&_xlfn.TEXTJOIN(""":""",TRUE,L$1,L12)&"""", """"&_xlfn.TEXTJOIN(""":""",TRUE,M$1,M12)&"""", """"&_xlfn.TEXTJOIN(""":""",TRUE,N$1,N12)&"""", """"&_xlfn.TEXTJOIN(""":""",TRUE,O$1,O12)&"""", """"&_xlfn.TEXTJOIN(""":""",TRUE,P$1,P12)&"""", """"&_xlfn.TEXTJOIN(""":""",TRUE,Q$1,Q12)&"""", """"&_xlfn.TEXTJOIN(""":""",TRUE,R$1,R12)&"""", """"&_xlfn.TEXTJOIN(""":""",TRUE,S$1,S12)&"""", """"&_xlfn.TEXTJOIN(""":""",TRUE,T$1,T12)&"""", """"&_xlfn.TEXTJOIN(""":""",TRUE,U$1,U12)&"""" )&"}," -> {"Item":11,"Pregunta_I":" Identifico con claridad lo que siento","Nivel":"N2","CriterioN":"Procesamiento intermedio que regula y modula.","P_Invertida":false,"Conciencia":"Emocional","CriterioC":"Sensibilidad hacia los demás.","Impacto":"Medio","Pregunta":"En situaciones sociales, puedo identificar con claridad lo que estoy sintiendo.","R1":"No logro identificar lo que siento y actúo sin entenderlo.","R2":"Me cuesta reconocer lo que siento en el momento.","R3":"A veces lo identifico, pero no siempre.","R4":"Casi siempre sé qué emoción estoy sintiendo.","R5":"Siempre identifico claramente lo que siento, incluso en situaciones difíciles.","Tipo de Respuesta":"Capacidad","T1":"Muy difícil","T2":"Dificil","T3":"Neutro","T4":"Facil","T5":"Muy fácil","Explicación":"Se adapta la pregunta al contexto social, manteniendo el objetivo de evaluar conciencia emocional interna. Las respuestas representan niveles de reconocimiento emocional que influyen en la forma en que el individuo responde ante otras personas."},
A13: 12 | B13: Comprendo por qué me siento como me siento | C13: N2 | D13: Procesamiento intermedio que regula y modula. | E13: false | F13: Emocional | G13: Sensibilidad hacia los demás. | H13: Medio | I13: Cuando me siento mal o incómodo en un entorno social, ¿suelo entender la razón de esa emoción?. | J13: No entiendo por qué me siento así, solo lo experimento. | K13: Me cuesta identificar la causa de lo que siento. | L13: A veces logro entenderlo, pero no siempre. | M13: Generalmente entiendo por qué me siento de cierta manera. | N13: Siempre comprendo el motivo de mis emociones y puedo explicarlo. | O13: Capacidad | P13: Muy difícil | Q13: Dificil | R13: Neutro | S13: Facil | T13: Muy fácil | U13: Se enfoca en la comprensión emocional y su origen, clave para regulación social. Las respuestas miden el nivel de interpretación emocional y autoconocimiento, necesario para actuar con mayor equilibrio en la convivencia. | W13: ="{"&_xlfn.TEXTJOIN(",",TRUE, """"&_xlfn.TEXTJOIN(""":",TRUE,A$1,A13), """"&_xlfn.TEXTJOIN(""":""",TRUE,B$1,B13)&"""", """"&_xlfn.TEXTJOIN(""":""",TRUE,C$1,C13)&"""", """"&_xlfn.TEXTJOIN(""":""",TRUE,D$1,D13)&"""", """"&_xlfn.TEXTJOIN(""":",TRUE,E$1,E13), """"&_xlfn.TEXTJOIN(""":""",TRUE,F$1,F13)&"""", """"&_xlfn.TEXTJOIN(""":""",TRUE,G$1,G13)&"""", """"&_xlfn.TEXTJOIN(""":""",TRUE,H$1,H13)&"""", """"&_xlfn.TEXTJOIN(""":""",TRUE,I$1,I13)&"""", """"&_xlfn.TEXTJOIN(""":""",TRUE,J$1,J13)&"""", """"&_xlfn.TEXTJOIN(""":""",TRUE,K$1,K13)&"""", """"&_xlfn.TEXTJOIN(""":""",TRUE,L$1,L13)&"""", """"&_xlfn.TEXTJOIN(""":""",TRUE,M$1,M13)&"""", """"&_xlfn.TEXTJOIN(""":""",TRUE,N$1,N13)&"""", """"&_xlfn.TEXTJOIN(""":""",TRUE,O$1,O13)&"""", """"&_xlfn.TEXTJOIN(""":""",TRUE,P$1,P13)&"""", """"&_xlfn.TEXTJOIN(""":""",TRUE,Q$1,Q13)&"""", """"&_xlfn.TEXTJOIN(""":""",TRUE,R$1,R13)&"""", """"&_xlfn.TEXTJOIN(""":""",TRUE,S$1,S13)&"""", """"&_xlfn.TEXTJOIN(""":""",TRUE,T$1,T13)&"""", """"&_xlfn.TEXTJOIN(""":""",TRUE,U$1,U13)&"""" )&"}," -> {"Item":12,"Pregunta_I":" Comprendo por qué me siento como me siento","Nivel":"N2","CriterioN":"Procesamiento intermedio que regula y modula.","P_Invertida":false,"Conciencia":"Emocional","CriterioC":"Sensibilidad hacia los demás.","Impacto":"Medio","Pregunta":"Cuando me siento mal o incómodo en un entorno social, ¿suelo entender la razón de esa emoción?.","R1":"No entiendo por qué me siento así, solo lo experimento.","R2":"Me cuesta identificar la causa de lo que siento.","R3":"A veces logro entenderlo, pero no siempre.","R4":"Generalmente entiendo por qué me siento de cierta manera.","R5":"Siempre comprendo el motivo de mis emociones y puedo explicarlo.","Tipo de Respuesta":"Capacidad","T1":"Muy difícil","T2":"Dificil","T3":"Neutro","T4":"Facil","T5":"Muy fácil","Explicación":"Se enfoca en la comprensión emocional y su origen, clave para regulación social. Las respuestas miden el nivel de interpretación emocional y autoconocimiento, necesario para actuar con mayor equilibrio en la convivencia."},
... A151: 150 | B151: Me percibo como una persona íntegra | C151: N2 | D151: Procesamiento intermedio que regula y modula. | E151: false | F151: Coherencia Interna | G151: Asegura consistencia entre valores y acciones sociales. | H151: Alto | I151: En general, considero que soy una persona íntegra en mi trato con los demás. | J151: No me considero una persona íntegra. | K151: Casi nunca actúo con integridad. | L151: Depende del contexto. | M151: Generalmente actúo con integridad. | N151: Siempre actúo con integridad, incluso cuando me cuesta. | O151: Actitud | P151: Totalmente en desacuerdo | Q151: En desacuerdo | R151: Ni de acuerdo ni en desacuerdo | S151: De acuerdo | T151: Totalmente de acuerdo | U151: Evalúa percepción interna de integridad como rasgo regulador del comportamiento social. | W151: ="{"&_xlfn.TEXTJOIN(",",TRUE, """"&_xlfn.TEXTJOIN(""":",TRUE,A$1,A151), """"&_xlfn.TEXTJOIN(""":""",TRUE,B$1,B151)&"""", """"&_xlfn.TEXTJOIN(""":""",TRUE,C$1,C151)&"""", """"&_xlfn.TEXTJOIN(""":""",TRUE,D$1,D151)&"""", """"&_xlfn.TEXTJOIN(""":",TRUE,E$1,E151), """"&_xlfn.TEXTJOIN(""":""",TRUE,F$1,F151)&"""", """"&_xlfn.TEXTJOIN(""":""",TRUE,G$1,G151)&"""", """"&_xlfn.TEXTJOIN(""":""",TRUE,H$1,H151)&"""", """"&_xlfn.TEXTJOIN(""":""",TRUE,I$1,I151)&"""", """"&_xlfn.TEXTJOIN(""":""",TRUE,J$1,J151)&"""", """"&_xlfn.TEXTJOIN(""":""",TRUE,K$1,K151)&"""", """"&_xlfn.TEXTJOIN(""":""",TRUE,L$1,L151)&"""", """"&_xlfn.TEXTJOIN(""":""",TRUE,M$1,M151)&"""", """"&_xlfn.TEXTJOIN(""":""",TRUE,N$1,N151)&"""", """"&_xlfn.TEXTJOIN(""":""",TRUE,O$1,O151)&"""", """"&_xlfn.TEXTJOIN(""":""",TRUE,P$1,P151)&"""", """"&_xlfn.TEXTJOIN(""":""",TRUE,Q$1,Q151)&"""", """"&_xlfn.TEXTJOIN(""":""",TRUE,R$1,R151)&"""", """"&_xlfn.TEXTJOIN(""":""",TRUE,S$1,S151)&"""", """"&_xlfn.TEXTJOIN(""":""",TRUE,T$1,T151)&"""", """"&_xlfn.TEXTJOIN(""":""",TRUE,U$1,U151)&"""" )&"}," -> {"Item":150,"Pregunta_I":" Me percibo como una persona íntegra","Nivel":"N2","CriterioN":"Procesamiento intermedio que regula y modula.","P_Invertida":false,"Conciencia":"Coherencia Interna","CriterioC":"Asegura consistencia entre valores y acciones sociales.","Impacto":"Alto","Pregunta":"En general, considero que soy una persona íntegra en mi trato con los demás.","R1":"No me considero una persona íntegra.","R2":"Casi nunca actúo con integridad.","R3":"Depende del contexto.","R4":"Generalmente actúo con integridad.","R5":"Siempre actúo con integridad, incluso cuando me cuesta.","Tipo de Respuesta":"Actitud","T1":"Totalmente en desacuerdo","T2":"En desacuerdo","T3":"Ni de acuerdo ni en desacuerdo","T4":"De acuerdo","T5":"Totalmente de acuerdo","Explicación":"Evalúa percepción interna de integridad como rasgo regulador del comportamiento social."},
